vjdbv1.0_field_id	vjdbv1.0_name	vjdbv1.0_description	vjdbv1.0_privacy	vjdbv1.0_tags	vjdb_submission_requiredness	vjdb_example	vjdb_validation_rules	ena_submission_fieldtype	ena_submission_validation
genbank_title	GenBank Title	Genbank title of the sequence.	internal	"[""NCBI Virus"", ""Sample"", ""Sequence""]"				text	freetext
city	City	City where the sample the sequence originates from was collected or sampled.	internal	"[""ENA"", ""NCBI Virus"", ""Sample"", ""Collection""]"	recommended	Jena	Defined list of Cities (!)	text	freetext
genome_completeness_percentage	Genome Completeness Percentage	The level of the sequence completeness compare to the representative sequence in refseq in percentage	internal	"[""Sample"", ""Workflows""]"					
ncbi_usa	NCBI USA	State/Region where the sample the sequence originates from was collected/sampled.	internal	"[""NCBI Virus"", ""Sample"", ""Collection""]"		NY; FL	State abbreviation(!)	combo	controlled_vocabulary
analysis_accession	Analysis Accession	ENA analysis object Accession.	internal	"[""ENA"", ""Organizational"", ""ENA Analysis"", ""VJDB Analysis"", ""Identifiers""]"				text	unique
collecting_organization	Collecting Organization	Name of the institution/affiliation to which the person collecting the sample belongs	internal	"[""ENA"", ""ENA ERC32"", ""ENA ERC33"", ""Sample"", ""ENA Sample"", ""VJDB Sample"", ""Collection""]"	mandatory		Free text	text	freetext
host_health_state	Host Health State	Health state of the host at the time of sample collection, e.g. diseased or healthy	internal	"[""ENA"", ""ENA ERC32"", ""ENA ERC33"", ""Host"", ""ENA Sample"", ""VJDB Sample"", ""Collection""]"	mandatory	diseased; healthy	Defined list of values, provided by the ENA	combo	controlled_vocabulary
latitude	Latitude	The geographic location by latitude, where the sample the sequence originates from was collected/sampled. (DD)	internal	"[""ENA"", ""MIGS-VI"", ""ENA ERC32"", ""ENA ERC33"", ""Sample"", ""ENA Sample"", ""VJDB Sample"", ""Collection""]"	recommended	-18.54; 68.277	Coordinates in DD format. Decimal number between  -90 and 90. 90 and -90 work without decimals.	text	unique
longitude	Longitude	The geographic location by longitude, where the sample the sequence originates from was collected/sampled. (DD)	internal	"[""ENA"", ""MIGS-VI"", ""ENA ERC32"", ""ENA ERC33"", ""Sample"", ""ENA Sample"", ""VJDB Sample"", ""Collection""]"	recommended	-102.35; 22.6	Coordinates in DD format. Decimal number between  -180 and 180. 180 and -180 work without decimals.	text	unique
collection_region	Collection Region	Continent where the sample the sequence originates from was collected/sampled.	internal	"[""Sample"", ""Collection""]"		Asia	Defined list fo regions(!)	text	freetext
collection_source_environment	Collection Source Environment	Describes the physical, environmental or local geographical source of the sample, e.g. soil	internal	"[""ENA"", ""MIGS-VI"", ""ENA ERC32"", ""ENA ERC33"", ""Sample"", ""ENA Sample"", ""VJDB Sample"", ""Collection""]"	recommended			suggestion	freetext
collector_name	Collector Name	Name of the person that collected the sample	internal	"[""ENA"", ""ENA ERC32"", ""ENA ERC33"", ""Sample"", ""ENA Sample"", ""VJDB Sample"", ""Collection""]"	mandatory	Zuckerman,N.	Free text	text	freetext
cutoff_for_seropositive_sample	Cutoff for Seropositive Sample	The cuttoff used to determine if the sample is seropositive.	internal	"[""ENA"", ""ENA ERC32"", ""ENA ERC33"", ""Sample"", ""ENA Sample"", ""VJDB Sample"", ""Clinical""]"	recommended			text	freetext
experiment_accession	Experiment Accession	References an ENA assembly to an ENA Experiment.	internal	"[""ENA"", ""Organizational"", ""Identifiers""]"				text	unique
host_behaviour	Host Behaviour	Natural behaviour of the sampled host.	internal	"[""ENA"", ""ENA ERC32"", ""ENA ERC33"", ""Host"", ""ENA Sample"", ""VJDB Sample"", ""Clinical""]"	recommended	domestic; wild	Defined list of values, provided by the ENA	combo	controlled_vocabulary
host_disease	Host Disease	The hosts main disease diagnosis.	internal	"[""Host"", ""Clinical""]"				text	freetext
host_disease_outcome	Host Disease Outcome	The hosts disease outcome. Did the host recover from the disease?	internal	"[""ENA"", ""ENA ERC32"", ""ENA ERC33"", ""Host"", ""ENA Sample"", ""VJDB Sample"", ""Clinical""]"	recommended	recovered; dead	Defined list of values, provided by the ENA	combo	controlled_vocabulary
host_disease_symptoms	Host Disease Symptoms	The symptoms that have been reported in relation to the illness, such as cough, diarrhea, fever, headache, malaise, myalgia, nausea, runny_nose, shortness_of_breath, sore_throat. If multiple exposures are applicable, please state them separated by semicolon.	internal	"[""ENA"", ""Host"", ""Clinical""]"	optional	fever; headache; runny_nose	Free text	suggestion	unique
host_habitat	Host Habitat	Natural habitat of the avian or mammalian host	internal	"[""ENA"", ""ENA ERC32"", ""ENA ERC33"", ""Host"", ""ENA Sample"", ""VJDB Sample"", ""Collection""]"	recommended	domestic:free-range farm; wild:resident	Defined list of values, provided by the ENA	combo	controlled_vocabulary
host_subject_id	Host Subject ID	The unique ID of the sampled host from the BV-BRC.	internal	"[""ENA"", ""ENA ERC32"", ""ENA ERC33"", ""Host"", ""ENA Sample"", ""VJDB Sample"", ""Clinical ""]"	mandatory			suggestion	freetext
influenza_test_method	Influenza Test Method	Method used to assess if a sample is flu positive/negative. Multiple methods are seperated by semicolon(s).	internal	"[""ENA"", ""ENA ERC32"", ""Sample"", ""ENA Sample"", ""VJDB Sample"", ""Clinical ""]"	mandatory	"""RT-PCR; antigen ELISA"""	Free text (Methods) seperated by semicolon, no quotes	suggestion	unique
influenza_test_result	Influenza Test Result	Result of the given methods. Positive(P) or Negative(N). For multiple test the results are delimited by semicolon, e.g. P; P.	internal	"[""ENA"", ""ENA ERC32"", ""Sample"", ""ENA Sample"", ""VJDB Sample"", ""Clinical ""]"	mandatory	"""P;P""; ""N""; ""N;P"""	P(positive)/N(negative) divided by semicolons matching the number and place of the corresponding test method, no quotes.	suggestion	unique
influenza_virus_type	Influenza Virus Type	Influenza virus type classification: A, B or C.	internal	"[""ENA"", ""ENA ERC32"", ""Sample"", ""ENA Sample"", ""VJDB Sample"", ""Clinical ""]"	recommended	A; B; C	Defined list of values, provided by the ENA	combo	controlled_vocabulary
other_pathogens_test_result	Other Pathogens Test Result	The test result for other tested pathogens given as described by influenza test result.	internal	"[""ENA"", ""ENA ERC32"", ""Sample"", ""ENA Sample"", ""VJDB Sample"", ""Clinical ""]"	mandatory	Newcastle; none	Free text (Methods) seperated by semicolon, no quotes. See also Influenza Test Method	suggestion	unique
other_pathogens_tested	Other Pathogens Tested	Was the sample tested for other pathogens? Insert the pathogenic organisms using semicolon as a delimiter, e.g. Newcastle. “None” is also valid.	internal	"[""ENA"", ""ENA ERC32"", ""Sample"", ""ENA Sample"", ""VJDB Sample"", ""Clinical ""]"	mandatory	"""P;P""; N; ""N;not applicable"""	P(positive)/N(negative)/not applicable divided by semicolons matching the number and place of the corresponding test method, no quotes.	suggestion	unique
pangolin_version	Pangolin Version	Pangolin version used to determine the lineage.	internal	"[""RKI"", ""Analysis"", ""Workflows""]"				suggestion	freetext
receipt_date	Receipt Date	If the sample was only received and not collected provide the receipt date.	internal	"[""ENA"", ""ENA ERC32"", ""ENA ERC33"", ""Sample"", ""ENA Sample"", ""VJDB Sample"", ""Clinical ""]"	recommended	2023-05-20	YYYY-MM-DD; Some browsers can display dates in a different format, but it is still correct(!)	date	freetext
rki_accession	RKI Accession	RKI Accession of the virus sequence.	internal	"[""RKI"", ""Organizational"", ""Identifiers""]"				text	freetext
run_accession	Run Accession	References a ENA assembly to an ENA Run object.	internal	"[""ENA"", ""Organizational"", ""Identifiers""]"	recommended			text	unique
serotype	Serotype	Serological variety of a species characterised by its antigenic properties, e.g. H1N1.	internal	"[""ENA"", ""MIGS-VI"", ""ENA ERC32"", ""ENA ERC33"", ""Sample"", ""ENA Sample"", ""VJDB Sample"", ""Clinical""]"	recommended	H1N1	Free text	suggestion	freetext
abbreviation	Abbreviation	Common abbreviations of the virus species name.	internal	"[""Sample"", ""Virus Info"", ""ICTV Taxonomy""]"		HPV	Free text, common virus name abbreviations were collected by the ICTV	suggestion	freetext
sample_species_tax_id	Sample Species Tax ID	Temporary NCBI Tax ID used for mapping the taxonomy tree to the metadata table.	internal	"[""Sample"", ""Identifiers"", ""NCBI Taxonomy""]"				suggestion	freetext
sequence_name	Sequence Name	Generic name of the sequence (Name of the entry).	internal	"[""MIGS-VI"", ""BV-BRC"", ""Analysis"", ""Workflows""]"				text	freetext
publication_doi	Publication DOI	The DOI of the publication associated with the sequence.	internal	"[""MIGS-VI"", ""Organizational"", ""Identifiers""]"		10.1000/182		text	freetext
pubmed_accession	Pubmed Accession	The PubMed ID of publication associated with the sequence.	internal	"[""MIGS-VI"", ""BV-BRC"", ""Organizational"", ""Identifiers""]"				text	freetext
update_date	Update Date	Last update date of the sequence in BVBRC (whole entry).	internal	"[""BV-BRC"", ""Organizational"", ""Workflows""]"		2023-05-20	YYYY-MM-DD; Some browsers can display dates in a different format, but it is still correct(!)	date	freetext
insert_size	Insert Size	Insert size for paired reads.	internal	"[""ENA"", ""ENA ERC32"", ""ENA ERC33"", ""Analysis"", ""ENA Experiment"", ""VJDB Experiment"", ""Workflows""]"	optional			text	freetext
instrument	Instrument	Instrument model used for sequencing.	internal	"[""ENA"", ""MIGS-VI"", ""ENA ERC32"", ""ENA ERC33"", ""Analysis"", ""ENA Experiment"", ""VJDB Experiment"", ""Workflows""]"	mandatory	AB 310 Genetic Analyzer	Defined list of values, provided by the ENA	combo	controlled_vocabulary
library_construction_protocol	Library Construction Protocol	The protocol used to construct the sequencing library.	internal	"[""ENA"", ""ENA ERC32"", ""ENA ERC33"", ""Analysis"", ""ENA Experiment"", ""VJDB Experiment"", ""Workflows""]"	optional		Free text	text	freetext
library_description	Library Description	The design of the sequencing library including details of how it was constructed.	internal	"[""ENA"", ""ENA ERC32"", ""ENA ERC33"", ""Analysis"", ""ENA Experiment"", ""VJDB Experiment"", ""Workflows""]"	optional		Free text	text	freetext
library_layout	Library Layout	The sequencing library layout specifies whether to expect single or paired configuration of reads.	internal	"[""ENA"", ""MIGS-VI"", ""ENA ERC32"", ""ENA ERC33"", ""Analysis"", ""ENA Experiment"", ""VJDB Experiment"", ""Workflows""]"	mandatory	SINGLE	Defined list of values, provided by the ENA	combo	controlled_vocabulary
library_name	Library Name	The name for the sequencing library if any.	internal	"[""ENA"", ""ENA ERC32"", ""ENA ERC33"", ""Analysis"", ""ENA Experiment"", ""VJDB Experiment"", ""Workflows""]"	mandatory	1111898265709	Free text	suggestion	freetext
library_selection	Library Selection	The method used to select for or against, enrich, or screen the material being sequenced.	internal	"[""ENA"", ""MIGS-VI"", ""ENA ERC32"", ""ENA ERC33"", ""Analysis"", ""ENA Experiment"", ""VJDB Experiment"", ""Workflows""]"	mandatory	unspecified; RANDOM	Defined list of values, provided by the ENA	combo	controlled_vocabulary
library_source	Library Source	The library source specifies the type of source material that is being sequenced.	internal	"[""ENA"", ""ENA ERC32"", ""ENA ERC33"", ""Analysis"", ""ENA Experiment"", ""VJDB Experiment"", ""Workflows""]"	mandatory	VIRAL RNA	Defined list of values, provided by the ENA	combo	controlled_vocabulary
library_strategy	Library Strategy	The sequencing technique intended for this sequencing library.	internal	"[""ENA"", ""ENA ERC32"", ""ENA ERC33"", ""Analysis"", ""ENA Experiment"", ""VJDB Experiment"", ""Workflows""]"	mandatory	AMPLICON	Defined list of values, provided by the ENA	combo	controlled_vocabulary
virus_id	Virus ID	Unique ID given by the investigator as strain might not be unique.	internal	"[""ENA"", ""RKI"", ""ENA ERC32"", ""ENA ERC33"", ""Sample"", ""ENA Sample"", ""VJDB Sample"", ""Clinical ""]"	recommended			text	unique
antiviral_treatment	Antiviral Treatment	Antiviral treatment used for this subject, such as zanamavir oseltamivir, amantadine.	internal	"[""ENA ERC32"", ""Host"", ""ENA Sample"", ""VJDB Sample"", ""Clinical ""]"	optional	rimantadine; amantadine	Free text	text	freetext
antiviral_treatment_dosage	Antiviral Treatment Dosage	Dosage of the treatment taken by the subject. example: 0.05 mg.	internal	"[""ENA ERC32"", ""Host"", ""ENA Sample"", ""VJDB Sample"", ""Clinical ""]"	optional	0.05 mg	Decimal number value followed by an empty space and the unit(!)	text	freetext
antiviral_treatment_duration	Antiviral Treatment Duration	Duration of antiviral treatment after onset of clinical symptoms in days.example: 5.	internal	"[""ENA ERC32"", ""Host"", ""ENA Sample"", ""VJDB Sample"", ""Clinical ""]"	optional	5	Decimal number value(!)	text	unique
antiviral_treatment_initiation	Antiviral Treatment Initiation	Initiation of antiviral treatment after onset of clinical symptoms in days. example: 2.5.	internal	"[""ENA ERC32"", ""Host"", ""ENA Sample"", ""VJDB Sample"", ""Clinical ""]"	optional	2.5	Decimalnumber value(!)	text	unique
gravidity	Gravidity	Whether or not the subject is gravid. if so, report date due or date post-conception and specify which of these two dates is being reported.	internal	"[""ENA ERC32"", ""ENA ERC33"", ""Sample"", ""ENA Sample"", ""VJDB Sample"", ""Clinical ""]"	optional	no: yes, post-conception date 2020-05-07	yes/no, if yes provide post conception date or date due with carification which one it is(!)	text	freetext
hospitalisation	Hospitalisation	Was the subject confined to a hospital as a result of virus infection or problems occurring secondary to virus infection?	internal	"[""ENA ERC32"", ""ENA ERC33"", ""Sample"", ""ENA Sample"", ""VJDB Sample"", ""Clinical ""]"	optional	yes; no	Defined list of values, provided by the ENA	combo	controlled_vocabulary
host_description	Host Description	Other descriptive information relating to the host.	internal	"[""ENA ERC32"", ""ENA ERC33"", ""Host"", ""ENA Sample"", ""VJDB Sample"", ""Clinical ""]"	optional		Free text	textarea	freetext
illness_duration	Illness Duration	The number of days the illness lasted. example: 4	internal	"[""ENA ERC32"", ""ENA ERC33"", ""Host"", ""ENA Sample"", ""VJDB Sample"", ""Clinical ""]"	optional	4	Whole number value	text	unique
illness_onset_date	Illness Onset Date	Date the subject showed an onset of symptoms. format: yyyy-mm-dd. example: 2011-10-20	internal	"[""ENA ERC32"", ""Host"", ""ENA Sample"", ""VJDB Sample"", ""Clinical ""]"	optional	2011-10-20	YYYY-MM-DD; Some browsers can display dates in a different format, but it is still correct(!)	date	freetext
illness_symptoms	Illness Symptoms	The symptoms that have been reported in relation to the illness, such as cough, diarrhea, fever, headache, malaise, myalgia, nausea, runny_nose, shortness_of_breath, sore_throat. if multiple exposures are applicable, please state them separated by semicolon.	internal	"[""ENA ERC32"", ""ENA ERC33"", ""Host"", ""ENA Sample"", ""VJDB Sample"", ""Clinical ""]"	optional	fever; headache; malaise; myalgia; nausea; runny_nose	Free text, symptoms seperated by semicolon	text	freetext
influenza_strain_unique_number	Influenza Strain Unique Number	Unique number of the strain which is reported as a part of the influenza strain name, such as a/chicken/fujian/411/2002(hxn1). format: integer number, example: 411	internal	"[""ENA ERC32"", ""Sample"", ""ENA Sample"", ""VJDB Sample"", ""Clinical ""]"	optional	411	Whole number value	text	unique
influenza_vaccination_date	Influenza Vaccination Date	Date that the influenza vaccination was administered to the subject over the past year. format: yyyy-mm-dd. example: 2007-05-12	internal	"[""ENA ERC32"", ""Sample"", ""ENA Sample"", ""VJDB Sample"", ""Clinical ""]"	optional	2007-05-12	YYYY-MM-DD; Some browsers can display dates in a different format, but it is still correct(!)	date	freetext
influenza_vaccination_type	Influenza Vaccination Type	Influenza vaccinations that have been administered to the subject over the last year. example: 2009 h1n1 flumist	internal	"[""ENA ERC32"", ""Sample"", ""ENA Sample"", ""VJDB Sample"", ""Clinical ""]"	optional	2009 h1n1 flumist	Free text	text	freetext
influenza_like_illness_at_the_time_of_sample_collection	Influenza-like Illness at the Time of Sample Collection	Is the subject at the time of sample collection considered to have influenza like illness?	internal	"[""ENA ERC32"", ""Sample"", ""ENA Sample"", ""VJDB Sample"", ""Clinical ""]"	optional	yes; no	Defined list of values, provided by the ENA	text	freetext
inoculation_dose	Inoculation Dose	Dose used for the inoculoation experiment.	internal	"[""ENA ERC32"", ""Sample"", ""ENA Sample"", ""VJDB Sample"", ""Clinical ""]"	optional		Free text	text	freetext
inoculation_route	Inoculation Route	Brief description of the protocol inoculation route.	internal	"[""ENA ERC32"", ""Sample"", ""ENA Sample"", ""VJDB Sample"", ""Clinical ""]"	optional		Free text	text	freetext
inoculation_stock_availability	Inoculation Stock Availability	Is the virus stock used for the inoculation available?	internal	"[""ENA ERC32"", ""Sample"", ""ENA Sample"", ""VJDB Sample"", ""Clinical ""]"	optional		Free text	combo	controlled_vocabulary
lineage_swl_required_for_h1n1_viruses	Lineage: SWL (Required for H1N1 Viruses)	Does the h1n1 influenza virus originate from a swine-like outbreak (as opposed to a seasonal flu)?	internal	"[""ENA ERC32"", ""Analysis"", ""ENA Sample"", ""VJDB Sample"", ""Clinical ""]"	optional		Free text	combo	controlled_vocabulary
meaning_of_cut_off_value	Meaning of Cut Off Value	Description helping to explain what the cut off value means.	internal	"[""ENA ERC32"", ""Sample"", ""ENA Sample"", ""VJDB Sample"", ""Clinical ""]"	optional		Free text	text	freetext
number_of_inoculated_individuals	Number of Inoculated Individuals	Number of host individuals inoculated for the experiment.	internal	"[""ENA ERC32"", ""Sample"", ""ENA Sample"", ""VJDB Sample"", ""Clinical ""]"	optional	5	Whole number value	text	unique
personal_protective_equipment	Personal Protective Equipment	Use of personal protective equipment, such as gloves, gowns, during any type of exposure. example: mask	internal	"[""ENA ERC32"", ""ENA ERC33"", ""Sample"", ""ENA Sample"", ""VJDB Sample"", ""Clinical ""]"	optional	mask	Free text, multiple values seperated by semicolon	text	unique
sample_capture_status	Sample Capture Status	Reason for the sample collection.	internal	"[""ENA ERC32"", ""ENA ERC33"", ""Sample"", ""ENA Sample"", ""VJDB Sample"", ""Clinical ""]"	recommended	active surveillance in response to outbreak; market sample	Defined list of values, provided by the ENA	combo	controlled_vocabulary
sample_storage_conditions	Sample Storage Conditions	Conditions at which sample was stored, usually storage temperature, duration and location. in soil context: explain how and for how long the soil sample was stored before dna extraction (fresh/frozen/other).	internal	"[""ENA ERC32"", ""ENA ERC33"", ""Sample"", ""ENA Sample"", ""VJDB Sample"", ""Clinical ""]"	optional		Free text	text	freetext
sample_description	Sample Description	Free-form text describing the sample, its origin, and its method of isolation.	internal	"[""ENA ERC32"", ""ENA ERC33"", ""Sample"", ""ENA Sample"", ""VJDB Sample"", ""Clinical ""]"	optional		Free text	textarea	freetext
source_of_vaccination_information	Source of Vaccination Information	Designation of information related to vaccination history as self reported or documented.	internal	"[""ENA ERC32"", ""Sample"", ""ENA Sample"", ""VJDB Sample"", ""Clinical ""]"	optional	decoumented; self reported	Defined list of values, provided by the ENA	combo	controlled_vocabulary
study_description	Study Description	Briefly describes the goals, purpose, and scope of the study.  this need not be listed if it can be inherited from a referenced publication.	internal	"[""ENA ERC32"", ""ENA ERC33"", ""Organizational"", ""ENA Study"", ""VJDB Study"", ""Study""]"	mandatory		Free text	textarea	freetext
subject_exposure	Subject Exposure	Exposure of the subject to infected human or animals, such as poultry, wild bird or swine. If multiple exposures are applicable, these are separated by semicolon. Example: poultry;wild bird	internal	"[""ENA ERC32"", ""ENA ERC33"", ""Sample"", ""ENA Sample"", ""VJDB Sample"", ""Clinical ""]"	optional	poultry; wild  bird	Free text, multiple values seperated by semicolon	text	unique
subject_exposure_duration	Subject Exposure Duration	Duration of the exposure of the subject to an infected human or animal. If multiple exposures are applicable, their duration is stated in the same order in which the exposure in the field was reported: 'subject exposure'. Example: 1 day; 0.33 days (Units: year)	internal	"[""ENA ERC32"", ""ENA ERC33"", ""Sample"", ""ENA Sample"", ""VJDB Sample"", ""Clinical ""]"	optional	1 day; 0.33 days 	Decimal number value followed by an empty space and the unit(!). If there are multiple values in Subject Exposure field add equally may fields here in the same order as Subject Exposure(!)	text	unique
study_title	Study Title	Clear and useful title of the study/project, e.g. a title usable for a publication or the purpose of the project and its timeframe.	internal	"[""ENA ERC32"", ""ENA ERC33"", ""Organizational"", ""ENA Study"", ""VJDB Study"", ""Study""]"	mandatory		Free text	text	freetext
experiment_title	Experiment Title	Clear and useful title to identify the sequencing experiment. This title will not be submitted to the ENA on submission.	internal	"[""ENA ERC32"", ""ENA ERC33"", ""Organizational"", ""ENA Experiment"", ""VJDB Experiment"", ""Study""]"	mandatory		Free text	text	freetext
sample_title	Sample Title	Clear and useful title to identify the sample the sequence originates from was collected/sampled. This title will not be submitted to the ENA on submission.	internal	"[""ENA ERC32"", ""ENA ERC33"", ""Organizational"", ""ENA Sample"", ""VJDB Sample"", ""Study""]"	mandatory		Free text	text	freetext
type_exposure	Type Exposure	Setting within which the subject is exposed to animals, such as farm, slaughterhouse, food preparation. if multiple exposures are applicable, please state their type in the same order in which you reported the exposure in the field 'subject exposure'. example: backyard flock; confined animal feeding operation	internal	"[""ENA ERC32"", ""ENA ERC33"", ""Sample"", ""ENA Sample"", ""VJDB Sample"", ""Clinical ""]"	optional	backyard flock; confined animal feeding operation	Free text, multiple values seperated by semicolon. If there are multiple values in Subject Exposure field add equally may fields here in the same order as Subject Exposure(!)	text	unique
vaccine_dosage	Vaccine Dosage	Dosage of the vaccine taken by the host. example: 0.05 ml	internal	"[""ENA ERC32"", ""Sample"", ""ENA Sample"", ""VJDB Sample"", ""Clinical ""]"	optional	0.05 ml	Decimal number value followed by an empty space and the unit(!)	text	freetext
vaccine_lot_number	Vaccine Lot Number	Lot number of the vaccine.	internal	"[""ENA ERC32"", ""Sample"", ""ENA Sample"", ""VJDB Sample"", ""Clinical ""]"	optional		Free text	text	freetext
vaccine_manufacturer	Vaccine Manufacturer	Manufacturer of the vaccine.	internal	"[""ENA ERC32"", ""Sample"", ""ENA Sample"", ""VJDB Sample"", ""Clinical ""]"	optional		Free text	text	freetext
who_oie_fao_clade_required_for_hpai_h5n1_viruses	WHO/OIE/FAO Clade (Required for HPAI H5N1 Viruses)	WHO/OIE/FAO clade should be included for highly pathogenic h5n1 viruses. example: 2.2	internal	"[""ENA ERC32"", ""Sample"", ""ENA Sample"", ""VJDB Sample"", ""Clinical ""]"	optional	2.2	Free text	text	freetext
virus_old_names	Virus Old Names	Collection of outdated names for a particular virus.	internal	"[""Sample"", ""Clinical ""]"					
sequence_byte_range	Sequence Byte Range	Byte range data of the sample in the sequence file without the header	internal	"[""Internal"", ""Workflows""]"					
sequence_path	Sequence Path	The file location of the multiseq fasta file including the parent folder name 	internal	"[""Internal"", ""Workflows""]"					
insertion_date	Insertion Date	Date of the insertion into the VirJen database	internal	"[""Internal"", ""Workflows""]"					
update_date	Update Date	The last date the metadata was updated in the VirJen database.	internal	"[""Internal"", ""Workflows""]"					
ictv_subrealm	ICTV Subrealm	A 'Subrealm' is a rank in the taxonomic hierarchy into which virus species can be classified. Defined by the ICTV.	internal	"[""PHD"", ""Taxonomy"", ""Virus Taxonomy"", ""ICTV Taxonomy""]"					
ictv_subkingdom	ICTV Subkingdom	A 'Subkingdom' is a rank in the taxonomic hierarchy into which virus species can be classified. Defined by the ICTV.	internal	"[""PHD"", ""Taxonomy"", ""Virus Taxonomy"", ""ICTV Taxonomy""]"					
ictv_subclass	ICTV Subclass	A 'Subclass' is a rank in the taxonomic hierarchy into which virus species can be classified. Defined by the ICTV.	internal	"[""PHD"", ""Taxonomy"", ""Virus Taxonomy"", ""ICTV Taxonomy""]"					
ncbi_subrealm	NCBI Subrealm	A 'Subrealm' is a rank in the taxonomic hierarchy into which virus species can be classified. Defined by the NCBI.	internal	"[""PHD"", ""Taxonomy"", ""Virus Taxonomy"", ""NCBI Taxonomy""]"					
ncbi_subkingdom	NCBI Subkingdom	A 'Subkingdom' is a rank in the taxonomic hierarchy into which virus species can be classified. Defined by the NCBI.	internal	"[""PHD"", ""Taxonomy"", ""Virus Taxonomy"", ""NCBI Taxonomy""]"					
ncbi_subclass	NCBI Subclass	A 'Subclass' is a rank in the taxonomic hierarchy into which virus species can be classified. Defined by the NCBI.	internal	"[""PHD"", ""Taxonomy"", ""Virus Taxonomy"", ""NCBI Taxonomy""]"					
host_age_normalized	Host Age Normalized	Host Ages in a uniform unit, TBD	internal	"[""Host"", ""Clinical ""]"					
lab_passaged	Lab Passaged	Indicator that sequences came from samples from a laboratory setting, and not from a wild host.	internal	"[""Sample"", ""Virus Info""]"					
viralzone_page	ViralZone Page	There is one page in Viralzone associated to this Taxon ID.	internal	"[""Source"", ""Flags""]"					
ictv_id	ICTV ID	ICTV ID from Master_Species_List file	internal	"[""Source"", ""Flags"", ""ICTV Taxonomy""]"					
ictv_virus_name	ICTV Virus name	Commonly used virus name (or names separated by a semi-colon).	internal	"[""Taxonomy"", ""Virus Info"", ""ICTV Taxonomy""]"					
taxonomy_tree_hash	Taxonomy Tree Hash	Hash ontent for the rank in the taxonomy tree.	internal	"[""Internal"", ""Workflows""]"					
current_virjen_version	Current VirJen Version	A flag that indicates if the record is the latest update in VirJenDB database	internal	"[""Internal"", ""Workflows""]"					
updated_fields	Updated Fields	List of VirJenDB metadata fields and their content when they are updated in each release in compare to the previous version	internal	"[""Internal"", ""Workflows""]"					
genome_sequence	Genome Sequence	Virus genome sequence	internal	"[""Internal"", ""Workflows""]"					
genome_sequence_hash	Genome Sequence Hash	VIrus genome sequence hash SHA256	internal	"[""Internal"", ""Workflows""]"					
host_assembly_program	Host Assembly Program	The program used for host genome assembly.	internal	"[""IMG/VR"", ""PhiSpy"", ""Host"", ""Workflows""]"			Free text		
phage_id	phage id	phage id internal identifier	internal	"[""IMG/VR"", ""PHD"", ""PhiSpy"", ""Internal"", ""Virus Info""]"					
ictv_lineage_hash_list	ICTV Lineage Hash List 	The list of the hash for the lineage of the rank in the ICTV VMR.	internal	"[""Internal"", ""Workflows""]"					
parent_hash	Parent Hash	Taxonomy Table Hash ID of the Parent Rank	internal	"[""Internal"", ""Workflows""]"					
rank_hash	Rank Hash	Taxonomy Table Hash ID of the Rank	internal	"[""Internal"", ""Workflows""]"					
ictv_rank_name	ICTV Rank Name	ICTV Rank Name	internal	"[""Internal"", ""Workflows""]"					
ictv_rank_type	ICTV Rank Type	ICTV Rank Type	internal	"[""Internal"", ""Workflows""]"					
imgvr_uvig_id	IMGVR UVIG ID	IMGVR UVIG ID	internal	"[""IMG/VR"", ""Host"", ""Identifier""]"					
coding_strand	Coding Strand	True if the current virus sequence is a coding strand. Calculated by part of the ViralClust tool suite. Only intended for ssRNA viruses.	internal	"[""Analysis"", ""Flags"", ""Workflows""]"		TRUE	"TRUE: is coding strand
FALSE: is reverse complement"		
host_confidence_score	Host Confidence Score	"Confidence score associated with the method by which ""Host Accession ID"" from NCBI GenBank or or ""NCBI Taxonomy Lineage"" was associated to the virus sequence. Multiple host associations/predictions separated by semicolons. "	internal	"[""IMG/VR"", ""PhiSpy"", ""Host"", ""Workflows""]"					
checkv_contig_length	CheckV Contig Length	Length of the sequence as calculated by CheckV v1.0.1 against the default CheckV database v1.5. For more information about CheckV please see the tool page at: https://bitbucket.org/berkeleylab/checkv/src/master	internal	"[""Analysis"", ""Workflows""]"					
checkv_provirus	CheckV Provirus	Prediction of whether the sequence is a provirus by CheckV v1.0.1 against the default CheckV database v1.5. For more information about CheckV please see the tool page at: https://bitbucket.org/berkeleylab/checkv/src/master	internal	"[""Analysis"", ""Workflows""]"					
checkv_proviral_length	CheckV Proviral Length	If the sequence is predicated as a provirus, the length ofthe provirus, calculated by CheckV v1.0.1 against the default CheckV database v1.5. For more information about CheckV please see the tool page at: https://bitbucket.org/berkeleylab/checkv/src/master	internal	"[""Analysis"", ""Workflows""]"					
checkv_gene_count	CheckV Gene Count	The number of genes in the virus sequence as calculated by CheckV v1.0.1 against the default CheckV database v1.5. For more information about CheckV please see the tool page at: https://bitbucket.org/berkeleylab/checkv/src/master	internal	"[""Analysis"", ""Workflows""]"					
checkv_viral_genes	CheckV Viral Genes	The number of virus genes in the virus sequence as calculated by CheckV v1.0.1 against the default CheckV database v1.5. For more information about CheckV please see the tool page at: https://bitbucket.org/berkeleylab/checkv/src/master	internal	"[""Analysis"", ""Workflows""]"					
checkv_host_genes	CheckV Host Genes	The number of host genes as calculated by CheckV v1.0.1 against the default CheckV database v1.5. For more information about CheckV please see the tool page at: https://bitbucket.org/berkeleylab/checkv/src/master	internal	"[""Analysis"", ""Workflows""]"					
checkv_quality	CheckV Quality	"Quality tier of the virus genome as noted by CheckV v1.0.1 against the default CheckV database v1.5. For more information about CheckV please see the tool page at: https://bitbucket.org/berkeleylab/checkv/src/master 
Possible values:
Complete
High-quality (>90% completeness)
Medium-quality (50-90% completeness)
Low-quality (<50% completeness)
Undetermined quality"	internal	"[""Analysis"", ""Workflows""]"					
checkv_miuvig_quality	CheckV MIUVIG Quality	MIUVIG quality as noted by CheckV v1.0.1 against the default CheckV database v1.5. For more information about CheckV please see the tool page at: https://bitbucket.org/berkeleylab/checkv/src/master	internal	"[""Analysis"", ""Workflows""]"					
checkv_completeness	CheckV Completeness	Completeness of the virus genome sequenceas calculated by CheckV v1.0.1 against the default CheckV database v1.5. For more information about CheckV please see the tool page at: https://bitbucket.org/berkeleylab/checkv/src/master	internal	"[""Analysis"", ""Workflows""]"					
checkv_completeness_method	CheckV Completeness Method	Method of determining the completeness of the virus genome sequence as calculated by CheckV v1.0.1 against the default CheckV database v1.5. For more information about CheckV please see the tool page at: https://bitbucket.org/berkeleylab/checkv/src/master	internal	"[""Analysis"", ""Workflows""]"					
checkv_contamination	CheckV Contamination	Amount of virus genome sequence contamination as calculated by CheckV v1.0.1 against the default CheckV database v1.5. For more information about CheckV please see the tool page at: https://bitbucket.org/berkeleylab/checkv/src/master	internal	"[""Analysis"", ""Workflows""]"					
checkv_kmer_freq	CheckV Kmer Freq	Number of times the virus genome was found in the as calculated by CheckV v1.0.1 against the default CheckV database v1.5. For more information about CheckV please see the tool page at: https://bitbucket.org/berkeleylab/checkv/src/master	internal	"[""Analysis"", ""Workflows""]"					
checkv_warnings	CheckV Warnings	Warnings generated by running CheckV v1.0.1 against the default CheckV database v1.5. For more information about CheckV please see the tool page at: https://bitbucket.org/berkeleylab/checkv/src/master	internal	"[""Analysis"", ""Workflows""]"					
length_coverage	Length Coverage	Percentage of Ns within the whole sequence from BVBRC.		"[""MIGS-VI"", ""Internal"", ""Sequence""]"				text	freetext
number_of_contigs	Number of Contigs	Number of contigs in the sequence.		"[""MIGS-VI"", ""Internal"", ""Sequence""]"		1;13	Whole number value(!)	text	freetext
sequence_version	Sequence Version	Version of the sequence (whole entry).		"[""RKI"", ""Internal"", ""Sequence""]"				text	freetext
sequencing_reason	Sequencing Reason	Why was the collected sample sequenced?		"[""ENA"", ""RKI"", ""Internal"", ""Workflows""]"	recommended			combo	controlled_vocabulary
assembly_level	Assembly Level	The level of the Assembly (contig, scaffold, chromosome, complete genome).	private	"[""ENA"", ""Internal"", ""ENA Analysis"", ""VJDB Analysis"", ""Workflows""]"	mandatory			combo	controlled_vocabulary
min_gap_length	Min Gap Length	Minimum length of consecutive Ns to be considered a gap.	private	"[""ENA"", ""Internal"", ""ENA Analysis"", ""VJDB Analysis"", ""Workflows""]"	optional			text	freetext
assembly_program	Assembly Program	The program used for genome assembly.	private	"[""ENA"", ""MIGS-VI"", ""BV-BRC"", ""Internal"", ""ENA Analysis"", ""VJDB Analysis"", ""Workflows""]"	mandatory		Free text	text	freetext
assembly_type	Assembly Type	Identifier on how to treat the submitted assembly. Currently only assemblies from ‘clone or isolate’ are permitted.	private	"[""ENA"", ""Internal"", ""ENA Analysis"", ""VJDB Analysis"", ""Workflows""]"	mandatory	clone or isolate	"Defined list of values, for submissions it is always ""clone or isolate""(!)"	combo	controlled_vocabulary
lab_host_common_name	Lab Host Common Name	BVBRC Lab Host, common name of the lab host.	private	"[""BV-BRC"", ""Host"", ""Host Info""]"				suggestion	freetext
lab_host_ncbi_tax_id	Lab Host NCBI Tax ID	The NCBI Taxonomy ID of the lab host.	private	"[""MIGS-VI"", ""Host"", ""Identifiers""]"				text	unique
lab_host_species	Lab Host Species	The scientific species name of the lab host.	private	"[""ENA"", ""MIGS-VI"", ""Host"", ""Host Info""]"	optional			suggestion	unique
file_format	File Format	The run data file model.	private	"[""ENA ERC32"", ""ENA ERC33"", ""Internal"", ""ENA Run"", ""VJDB Run"", ""Workflows""]"	mandatory			combo	controlled_vocabulary
file_name	File Name	The name or relative pathname of a run data file.	private	"[""ENA ERC32"", ""ENA ERC33"", ""Internal"", ""ENA Run"", ""VJDB Run"", ""Workflows""]"	mandatory			text	freetext
host_age	Host Age	Host age given by a number. Is connected to Host Age Unit. The number should match the unit. E.g. 2 years	private	"[""Internal"", ""Clinical ""]"		37	Whole number value		
host_age_unit	Host Age Unit	Unit that describes the host age. Is connected to Host Age. Should fit the number, e.g. 2 years	private	"[""Host"", ""Clinical""]"		days; years	Defined list of values, provided by the VJDB	combo	controlled_vocabulary
analysis_title	Analysis Title	Clear and useful title to identify the analysis of your sequencing experiment. This title will not be submitted to the ENA on submission.	private	"[""Internal"", ""VJDB Analysis"", ""Workflows""]"					
insdc_accession	INSDC Accession	GenBank Accession of the virus sequence. It equals NCBI Accession, ENA Accession, and DDBJ Accession, which are part of the INSDC.	public	"[""NCBI Virus"", ""BV-BRC"", ""PHD"", ""Organizational"", ""Identifiers""]"				text	unique
assembly_accession	Assembly Accession	NCBI Assembly Accession of the virus sequence.	public	"[""NCBI Virus"", ""BV-BRC"", ""PHD"", ""Organizational"", ""ENA Analysis"", ""VJDB Analysis"", ""Identifiers""]"				text	unique
bioproject_accession	Bioproject Accession	References the BioProject Accession that the virus sequence is a part of (INSDC). 	public	"[""ENA"", ""NCBI Virus"", ""BV-BRC"", ""Organizational"", ""ENA Study"", ""Identifiers""]"	mandatory			text	unique
biosample_accession	Biosample Accession	References the BioSample Accession that the virus sequence is a part of (INSDC).	public	"[""ENA"", ""MIGS-VI"", ""NCBI Virus"", ""BV-BRC"", ""Organizational"", ""ENA Sample"", ""VJDB Sample"", ""Identifiers""]"	mandatory			text	unique
collection_date	Collection Date	Date when the sample the virus sequence originates from was collected or sampled.	public	"[""ENA"", ""RKI"", ""MIGS-VI"", ""NCBI Virus"", ""BV-BRC"", ""ENA ERC32"", ""ENA ERC33"", ""Sample"", ""ENA Sample"", ""VJDB Sample"", ""Collection""]"	mandatory	2023-05-28	YYYY-MM-DD; Some browsers can display dates in a different format, but it is still correct	date	freetext
country	Country	Country or sea area where the sample the virus sequence originates from was collected or sampled.	public	"[""ENA"", ""MIGS-VI"", ""NCBI Virus"", ""BV-BRC"", ""ENA ERC32"", ""ENA ERC33"", ""Sample"", ""ENA Sample"", ""VJDB Sample"", ""Collection""]"	mandatory	Germany	Defined list of countries, provided by the INSDC	combo	controlled_vocabulary
genbank_sequence	GenBank Sequence	Determines if this virus sequence is available in Genbank.	public	"[""NCBI Virus"", ""Source"", ""Flags""]"		true	boolean value(!)		
refseq_sequence	RefSeq Sequence	Determines if this virus sequence is a reference sequence in the RefSeq database.	public	"[""NCBI Virus"", ""BV-BRC"", ""Source"", ""Flags""]"		true	boolean value(!)		
collection_geo_location	Collection Geo Location	Country name and additional identifier like a state abbreviation from where the sample the sequence originates from was collected/sampled.	public	"[""NCBI Virus"", ""BV-BRC"", ""ENA ERC32"", ""ENA ERC33"", ""Sample"", ""ENA Sample"", ""VJDB Sample"", ""Collection""]"		USA: NY 	Defined list of countries, provided by the INSDC: State or similar closer region(!)	text	freetext
host_common_name	Host Common Name	Common name of the host the virus sequence was collected from, e.g. human. Currently (v1.0) no ontology is applied.	public	"[""ENA"", ""NCBI Virus"", ""BV-BRC"", ""ENA ERC32"", ""ENA ERC33"", ""Host"", ""ENA Sample"", ""VJDB Sample"", ""Host Taxonomy""]"	mandatory	human	Free text	suggestion	freetext
sequence_length	Sequence Length	Length of the virus sequence in basepairs (bp).	public	"[""NCBI Virus"", ""BV-BRC"", ""IMG/VR"", ""PHD"", ""PhiSpy"", ""Sample"", ""Sequence"", ""Workflows""]"		10201	Integer value; Number of basepairs (bp)(!)	text	unique
molecule_type	Molecule Type	Molecule type of the sequence, e.g. ssRNA. Note that there are 15 molecule types corresponding to combinations of the Baltimore Classifications, from NCBI GenBank.	public	"[""ENA"", ""NCBI Virus"", ""Sample"", ""Virus Info""]"	optional	ssRNA(+)	Defined list of values(!)	combo	controlled_vocabulary
genome_completeness	Genome Completeness	Wether the sequence is a partial or complete sequence in NCBI GenBank.	public	"[""NCBI Virus"", ""Sample"", ""Sequence"", ""Workflows""]"		partial; complete	"Is ""partial"" or ""complete""(!)"	combo	controlled_vocabulary
organism_name	Organism Name	NCBI GenBank organism name: a taxonomic name at species level or below the species level.	public	"[""NCBI Virus"", ""PHD"", ""Sample"", ""Virus Info""]"		Influenza A virus (A/goose/Guangdong/1/1996(H5N1))	Free text; Should be species level or below(!)	suggestion	freetext
submitter_organization	Submitter Organization	Organization the submitter(s) is(are) affiliated with.	public	"[""NCBI Virus"", ""Organizational"", ""VJDB Study"", ""Submission""]"	mandatory	National Center for Biotechnology Information, NIH	Free text	text	freetext
release_date	Release Date	Date when the sequence was made public in a repository (e.g. GenBank, BV-BRC).	public	"[""RKI"", ""NCBI Virus"", ""Organizational"", ""Sequence""]"		2023-05-20	YYYY-MM-DD; Some browsers can display dates in a different format, but it is still correct(!)	date	freetext
segment_name	Segment Name	Name of the virus segment. Can be a number.	public	"[""NCBI Virus"", ""Sample"", ""Sequence""]"		spike; 1; whole genome	Free text	text	freetext
sra_accession	SRA Accession	NCBI Sequence Read Archive (SRA) Accession.	public	"[""NCBI Virus"", ""BV-BRC"", ""Organizational"", ""Identifiers""]"				text	freetext
submitter	Submitter	Name(s) of the submitter(s) of the virus sequence.	public	"[""NCBI Virus"", ""Organizational"", ""VJDB Study"", ""Submission""]"	mandatory	Zuckerman,N., Mandelboim,M.	Free text	text	freetext
collection_source_host_tissue	Collection Source Host Tissue	Tissue, Specimen or Source of the superhost from which the sample the virus sequence originates from was collected or sampled.	public	"[""ENA"", ""RKI"", ""MIGS-VI"", ""NCBI Virus"", ""ENA ERC32"", ""ENA ERC33"", ""Sample"", ""ENA Sample"", ""VJDB Sample"", ""Collection""]"	recommended	brain; water; venom gland	Free text	combo	controlled_vocabulary
bv_brc_accession	BV-BRC Accession	Accession of the sequence in the BV-BRC database.	public	"[""BV-BRC"", ""Organizational"", ""Identifiers""]"				text	unique
bv_brc_host_group	BV-BRC Host Group	The host's broader group association in a taxonomic context from BV-BRC.	public	"[""BV-BRC"", ""Host"", ""Host Info""]"		vertebrates; plants	Defined list of values, provided by the BVBRC(!)	suggestion	freetext
host_species	Host Species	The scientific species name of the sampled host.	public	"[""ENA"", ""MIGS-VI"", ""BV-BRC"", ""ENA ERC32"", ""ENA ERC33"", ""Host"", ""ENA Sample"", ""VJDB Sample"", ""Host Info""]"	mandatory	homo sapiens	Defined by the NCBI Taxonomy(!)	suggestion	unique
host_ncbi_tax_id	Host NCBI Tax ID	The host sequence NCBI Taxonomy ID. Can be based on the mapping by GTDB of the GTDB Species Name to the NCBI Taxonomy ID.	public	"[""MIGS-VI"", ""IMG/VR"", ""PHD"", ""PhiSpy"", ""Host"", ""ENA Sample"", ""VJDB Sample"", ""Host Taxonomy"", ""NCBI Taxonomy""]"		9606	Whole number value. Defined by the NCBI Taxonomy	text	unique
bvbrc_host_sex	BVBRC Host Sex	Sex of the sampled host from the BV-BRC.	public	"[""ENA"", ""BV-BRC"", ""ENA ERC32"", ""ENA ERC33"", ""Host"", ""ENA Sample"", ""VJDB Sample"", ""Clinical""]"	mandatory	female; hermaphrodite	Defined list of values, provided by the ENA	combo	controlled_vocabulary
bv_brc_sequence	BV-BRC Sequence	Flag indicating if this virus sequence is available in BV-BRC.	public	"[""Source"", ""Flags""]"		true	boolean value(!)		
pangolin_lineage	Pangolin Lineage	Lineage determined by Pangolin.	public	"[""RKI"", ""BV-BRC"", ""Analysis"", ""Sequence""]"				suggestion	freetext
ncbi_speciestax_id	NCBI SpeciesTax ID	The virus species NCBI Taxonomy ID.	public	"[""ENA"", ""MIGS-VI"", ""BV-BRC"", ""ENA ERC32"", ""ENA ERC33"", ""IMG/VR"", ""PHD"", ""PhiSpy"", ""GTDB"", ""Taxonomy"", ""ENA Sample"", ""VJDB Sample"", ""Identifiers"", ""NCBI Taxonomy""]"	mandatory	197911	Whole number value. Defined by the NCBI Taxonomy	suggestion	unique
average_depth	Average Depth	Average sequencing depth across the sequence from BVBRC.	public	"[""ENA"", ""BV-BRC"", ""Analysis"", ""Sequence"", ""Workflows""]"	mandatory	12.0x	Decimal number value followed by an x(!)	text	unique
gc_content	GC Content	Percentage of G and C nucleotides in the sequence from BVBRC.	public	"[""BV-BRC"", ""Analysis"", ""Sequence"", ""Workflows""]"		37.355248	Decimal number value, describes a percentage(!)	text	freetext
sequencing_center	Sequencing Center	Institution that sequenced the collected sample.	public	"[""BV-BRC"", ""Organizational"", ""Sequence"", ""Workflows""]"		US Food and Drug Administration	Free text	text	freetext
platform	Platform	Instrument platform used for sequencing the virus; multiple values are seperated by a semicolon (only for assemblies).	public	"[""ENA"", ""RKI"", ""BV-BRC"", ""ENA ERC32"", ""ENA ERC33"", ""Analysis"", ""ENA Experiment"", ""VJDB Experiment"", ""Sequence"", ""Workflows""]"	mandatory	CAPILLARY	Defined list of values, provided by the ENA	combo	controlled_vocabulary
sequence_source	Sequence Source	The name of the source database or tool by which the virus sequence was added in VirJenDB; in the case of PhiSpy-predicted prophages, the value is PhiSpy.	public	"[""Organizational"", ""Source""]"				combo	controlled_vocabulary
submitter_country	Submitter Country	Country of the submitter's organization.	public	"[""NCBI Virus"", ""Sample"", ""VJDB Study"", ""Submission""]"	mandatory	Germany	Defined list of countries, provided by the INSDC	combo	controlled_vocabulary
submitter_region	Submitter Region	Region or location of the organization of the submitters.	public	"[""Sample"", ""Submission""]"				combo	controlled_vocabulary
virjendb_accession	VirJenDB Accession	Unique identifier of the virus sequence, assigned by VirJenDB.	public	"[""Organizational"", ""Source"", ""Identifiers""]"		10580360	Whole number value	text	unique
virjendb_metadata_version	VirJenDB Metadata Version	Version of the virus sequence record, including metadata, assigned by VirJenDB.	public	"[""Organizational"", ""Source""]"				text	freetext
strain	Strain	Name of the virus strain associated with the sample from which the virus sequence was obtained.	public	"[""BV-BRC"", ""ENA ERC32"", ""ENA ERC33"", ""Sample"", ""ENA Sample"", ""VJDB Sample"", ""Virus Info""]"	optional		Free text	text	freetext
ictv_realm	ICTV Realm	A 'Realm' is the highest taxonomic rank into which a virus sequence can be classified. Defined by the ICTV.	public	"[""IMG/VR"", ""PHD"", ""PhiSpy"", ""Taxonomy"", ""Virus Taxonomy"", ""ICTV Taxonomy""]"					
ictv_kingdom	ICTV Kingdom	A 'Kingdom' is a rank in the taxonomic hierarchy into which a virus sequence can be classified. Defined by the ICTV.	public	"[""IMG/VR"", ""PHD"", ""PhiSpy"", ""Taxonomy"", ""Virus Taxonomy"", ""ICTV Taxonomy""]"					
ictv_phylum	ICTV Phylum	A 'Phylum' is a rank in the taxonomic hierarchy into which a virus sequence can be classified. Defined by the ICTV.	public	"[""IMG/VR"", ""PHD"", ""PhiSpy"", ""Taxonomy"", ""Virus Taxonomy"", ""ICTV Taxonomy""]"					
ictv_subphylum	ICTV Subphylum	A 'Subphylum' is a rank in the taxonomic hierarchy into which a virus sequence can be classified. Defined by the ICTV.	public	"[""PHD"", ""Taxonomy"", ""Virus Taxonomy"", ""ICTV Taxonomy""]"					
ictv_class	ICTV Class	A 'Class' is a rank in the taxonomic hierarchy into which a virus sequence can be classified. Defined by the ICTV.	public	"[""IMG/VR"", ""PHD"", ""PhiSpy"", ""Taxonomy"", ""Virus Taxonomy"", ""ICTV Taxonomy""]"					
ictv_order	ICTV Order	A 'Order' is a rank in the taxonomic hierarchy into which a virus sequence can be classified. Defined by the ICTV.	public	"[""IMG/VR"", ""PHD"", ""PhiSpy"", ""Taxonomy"", ""Virus Taxonomy"", ""ICTV Taxonomy""]"					
ictv_suborder	ICTV Suborder	A 'suborder' is a rank in the taxonomic hierarchy into which a virus sequence can be classified. Defined by the ICTV.	public	"[""PHD"", ""Taxonomy"", ""Virus Taxonomy"", ""ICTV Taxonomy""]"					
ictv_family	ICTV Family	A 'Family' is a rank in the taxonomic hierarchy into which a virus sequence can be classified. Defined by the ICTV.	public	"[""IMG/VR"", ""PHD"", ""PhiSpy"", ""Taxonomy"", ""Virus Taxonomy"", ""ICTV Taxonomy""]"					
ictv_subfamily	ICTV Subfamily	A 'Subfamily' is a rank in the taxonomic hierarchy into which a virus sequence can be classified. Defined by the ICTV.	public	"[""PHD"", ""Taxonomy"", ""Virus Taxonomy"", ""ICTV Taxonomy""]"					
ictv_genus	ICTV Genus	A 'Genus' is a rank in the taxonomic hierarchy into which a virus sequence can be classified. Defined by the ICTV.	public	"[""IMG/VR"", ""PHD"", ""PhiSpy"", ""Taxonomy"", ""Virus Taxonomy"", ""ICTV Taxonomy""]"					
ictv_subgenus	ICTV Subgenus	A 'Subgenus' is a rank in the taxonomic hierarchy into which a virus sequence can be classified. Defined by the ICTV.	public	"[""PHD"", ""Taxonomy"", ""Virus Taxonomy"", ""ICTV Taxonomy""]"					
ictv_species	ICTV Species	A Species is the lowest taxonomic rank in the hierarchy approved by the ICTV. While subspecies levels of classification may exist for some viruses (e.g. Hepatitis C virus), the ICTV does not classify viruses below the species level. Defined by the ICTV.	public	"[""IMG/VR"", ""PHD"", ""PhiSpy"", ""Taxonomy"", ""Virus Taxonomy"", ""ICTV Taxonomy""]"				suggestion	freetext
ncbi_realm	NCBI Realm	A 'Realm' is the highest taxonomic rank into which virus species can be classified. Defined by the NCBI.	public	"[""PHD"", ""Sample"", ""Virus Taxonomy"", ""NCBI Taxonomy""]"					
ncbi_kingdom	NCBI Kingdom	A 'Kingdom' is a rank in the taxonomic hierarchy into which a virus sequence can be classified. Defined by the NCBI.	public	"[""BV-BRC"", ""PHD"", ""Taxonomy"", ""Virus Taxonomy"", ""NCBI Taxonomy""]"					
ncbi_phylum	NCBI Phylum	A 'Phylum' is a rank in the taxonomic hierarchy into which a virus sequence can be classified. Defined by the NCBI.	public	"[""BV-BRC"", ""PHD"", ""Taxonomy"", ""Virus Taxonomy"", ""NCBI Taxonomy""]"					
ncbi_subphylum	NCBI Subphylum	A 'Subphylum' is a rank in the taxonomic hierarchy into which a virus sequence can be classified. Defined by the NCBI.	public	"[""PHD"", ""Taxonomy"", ""Virus Taxonomy"", ""NCBI Taxonomy""]"					
ncbi_class	NCBI Class	A 'Class' is a rank in the taxonomic hierarchy into which a virus sequence can be classified. Defined by the NCBI.	public	"[""BV-BRC"", ""PHD"", ""Taxonomy"", ""Virus Taxonomy"", ""NCBI Taxonomy""]"					
ncbi_order	NCBI Order	A 'Order' is a rank in the taxonomic hierarchy into which a virus sequence can be classified. Defined by the NCBI.	public	"[""BV-BRC"", ""PHD"", ""Taxonomy"", ""Virus Taxonomy"", ""NCBI Taxonomy""]"					
ncbi_suborder	NCBI Suborder	A 'suborder' is a rank in the taxonomic hierarchy into which a virus sequence can be classified. Defined by the NCBI.	public	"[""PHD"", ""Taxonomy"", ""Virus Taxonomy"", ""NCBI Taxonomy""]"					
ncbi_family	NCBI Family	A 'Family' is a rank in the taxonomic hierarchy into which a virus sequence can be classified. Defined by the NCBI.	public	"[""NCBI Virus"", ""BV-BRC"", ""PHD"", ""Taxonomy"", ""Virus Taxonomy"", ""NCBI Taxonomy""]"				text	freetext
ncbi_subfamily	NCBI Subfamily	A 'Subfamily' is a rank in the taxonomic hierarchy into which a virus sequence can be classified. Defined by the NCBI.	public	"[""PHD"", ""Taxonomy"", ""Virus Taxonomy"", ""NCBI Taxonomy""]"					
ncbi_genus	NCBI Genus	A 'Genus' is a rank in the taxonomic hierarchy into which virus a sequence can be classified. Defined by the NCBI.	public	"[""NCBI Virus"", ""BV-BRC"", ""PHD"", ""Taxonomy"", ""Virus Taxonomy"", ""NCBI Taxonomy""]"				text	freetext
ncbi_subgenus	NCBI Subgenus	A 'Subgenus' is a rank in the taxonomic hierarchy into which a virus sequence can be classified. Defined by the NCBI.	public	"[""PHD"", ""Taxonomy"", ""Virus Taxonomy"", ""NCBI Taxonomy""]"					
ncbi_species	NCBI Species	A Species is the lowest taxonomic rank in the hierarchy approved by the NCBI. While subspecies levels of classification may exist for some viruses (e.g. Hepatitis C virus), the NCBI does not classify viruses below the species level. Defined by the NCBI.	public	"[""ENA"", ""NCBI Virus"", ""BV-BRC"", ""PHD"", ""Taxonomy"", ""Virus Taxonomy"", ""NCBI Taxonomy""]"	mandatory			suggestion	unique
genotype	Genotype	"The genotype or subtype of a virus sequence, as provided by the sequence submitter. This field comes from the ""/serotype"" field of the GenBank record and is shown as submitted. Consistency and accuracy may vary."	public	"[""MIGS-VI"", ""NCBI Virus"", ""Sample"", ""Virus Info""]"				text	freetext
isolate	Isolate	Name of the virus isolate associated with the sample from which the virus sequence was obtained.	public	"[""ENA"", ""NCBI Virus"", ""ENA ERC32"", ""ENA ERC33"", ""Sample"", ""ENA Sample"", ""VJDB Sample"", ""Virus Info""]"	mandatory		Free text	text	freetext
host_age	Host Age	"Host age number only from ""BVBRC Host Age"". Caution: not yet standardized by unit!"	public	"[""ENA"", ""BV-BRC"", ""ENA ERC32"", ""ENA ERC33"", ""Host"", ""ENA Sample"", ""VJDB Sample"", ""Clinical""]"	recommended	37 years	Free text	text	unique
ncbi_lineage_ids	NCBI Lineage IDs	NCBI TaxIDs assigned to the virus sequence, from BVBRC.	public	"[""BV-BRC"", ""Taxonomy"", ""Identifiers"", ""NCBI Taxonomy""]"				text	freetext
ncbi_lineage_names	NCBI Lineage Names	Aggregation of the NCBI Taxonomy Names associated with the virus sequence.	public	"[""BV-BRC"", ""Taxonomy"", ""Virus Info"", ""NCBI Taxonomy""]"					
ictv_lineage_names	ICTV Lineage Names	Aggregation of the ICTV Taxonomy Names associated with the virus sequence.	public	"[""Taxonomy"", ""Virus Info"", ""ICTV Taxonomy""]"					
ictv_exemplar	ICTV Exemplar	Flag indicating yes if the sequence is an exemplar of the species in the ICTV Taxonomy.	public	"[""Source"", ""Flags""]"					
ictv_host_group	ICTV Host Group	The ICTV Host source field content to be combined with other host group data from the other sources.	public	"[""Host"", ""Host Info""]"					
bv_brc_host_age	BV-BRC Host Age	Host Age and Unit from BV-BRC.	public	"[""BV-BRC"", ""Host"", ""Clinical""]"					
host_gtdb_species_name	Host GTDB Species Name	References the Host GTDB Species Name to which the NCBI host taxonomy ID of the virus sequence could be mapped. See the mapping file on the Datasets page.	public	"[""IMG/VR"", ""PHD"", ""PhiSpy"", ""GTDB"", ""Host"", ""Host Taxonomy"", ""GTDB Taxonomy""]"					
unique_representative	Unique Representative	Flag indicating yes if the sequence is a representative for a group of identical VirJenDB sequences.	public	"[""Analysis"", ""Flags""]"					
unique_reference	Unique Reference	The VirJenDB ID for the unique representative sequence. For the non-phages, the smallest Accession in the group. See documentation for selection details.	public	"[""Internal"", ""Analysis"", ""Workflows""]"					
cluster_representative	Cluster Representative	Flag indicating yes if the sequence is a representative sequence of a group of sequences, computed by VClust. See documentation for selection details.	public	"[""Analysis"", ""Flags""]"					
cluster_reference	Cluster Reference	The VirJenDB ID of the representative of its cluster. See documentation for selection details.	public	"[""Analysis""]"					
predicted_method	Predicted Method	The tool used to predict the virus sequence. No value means that it is not a predicted virus sequence. 	public	"[""Analysis"", ""Workflows""]"					
host_accession	Host Accession	Host Accession from NCBI GenBank that refers to the host sequence from which the prophage was predicted.	public	"[""IMG/VR"", ""PhiSpy"", ""Host"", ""Identifiers""]"					
host_bioproject_accession	Host BioProject Accession	References the BioProject Accession associated with the host sequence.	public	"[""IMG/VR"", ""PhiSpy"", ""Host"", ""Identifiers""]"					
host_biosample_accession	Host Biosample Accession	References the BioSample Accession associated with the host sequence.	public	"[""IMG/VR"", ""PhiSpy"", ""Host"", ""Identifiers""]"					
host_country	Host Country	Country or sea area origin of the sample from which the host sequence originates.	public	"[""IMG/VR"", ""PhiSpy"", ""Host"", ""Collection""]"		Germany	Defined list of countries, provided by the INSDC		
host_collection_date	Host Collection Date	Date of collection of the sample from which the host sequence originates.	public	"[""IMG/VR"", ""PhiSpy"", ""Host"", ""Collection""]"		2023-05-23	YYYY-MM-DD; Some browsers can display dates in a different format, but it is still correct		
host_imgm_taxon_oid	Host IMGM Taxon OID	Associated Host IMGM Taxon OID from which the virus sequence was extracted by IMG/VR.	public	"[""IMG/VR"", ""Host"", ""Identifiers""]"					
host_average_sequence_depth	Host Average Sequence Depth	Average sequencing depth across the host sequence. Multiple host associations/predictions separated by semicolons. 	public	"[""IMG/VR"", ""PhiSpy"", ""Host"", ""Workflows""]"		12.0x	Decimal number value followed by an x(!)		
host_sequencing_platform	Host Sequencing Platform	Instrument or sequencing platform used for host sequencing. Multiple host associations/predictions separated by semicolons. 	public	"[""IMG/VR"", ""PhiSpy"", ""Workflows"", ""Host""]"		CAPILLARY	Defined list of values, provided by the ENA		
host_association_method	Host Association Method	"Method by which the fields ""Host Accession ID"" from NCBI GenBank or ""NCBI Taxonomy Lineage"" was associated to the virus sequence. Currently (v1.0) either a host association from the data source or PhiSpy prophage prediction. Multiple host associations/predictions separated by semicolons. "	public	"[""IMG/VR"", ""PhiSpy"", ""Workflows"", ""Host""]"					
ncbi_clade	NCBI Clade	"Sub-species designation of the virus sequence, from NCBI GenBank field ""clade""."	public	"[""Sample"", ""Taxonomy"", ""NCBI Taxonomy""]"					
ncbi_genotype	NCBI Genotype	"Sub-species designation of the virus sequence, from NCBI GenBank field ""genotype""."	public	"[""Sample"", ""Taxonomy"", ""NCBI Taxonomy""]"					
ncbi_serotype	NCBI Serotype	"Sub-species designation of the virus sequence, from NCBI GenBank field ""serotype""."	public	"[""Sample"", ""Taxonomy"", ""NCBI Taxonomy""]"					
ncbi_isolate	NCBI Isolate	"Sub-species designation of the virus sequence, from NCBI GenBank field ""isolate""."	public	"[""Sample"", ""Taxonomy"", ""NCBI Taxonomy""]"					
