vjdbv1.0_field_id	vjdbv1.0_name	vjdbv1.0_description	vjdbv1.0_fields_type	vjdbv1.0_tags	vjdbv1.0_input_source	vjdbv1.0_notes	vjdbv1.0_changes	vjdb_example	ictv40_i_field_name
genbank_title	GenBank Title	Genbank title of the sequence.	text	"[""NCBI Virus"", ""Sample"", ""Sequence""]"	NCBI Virus	no example needed			
city	City	City where the sample the sequence originates from was collected or sampled.	text	"[""ENA"", ""NCBI Virus"", ""Sample"", ""Collection""]"	NCBI Virus			Jena	
genome_completeness_percentage	Genome Completeness Percentage	The level of the sequence completeness compare to the representative sequence in refseq in percentage	float	"[""Sample"", ""Workflows""]"					
ncbi_usa	NCBI USA	State/Region where the sample the sequence originates from was collected/sampled.	keyword	"[""NCBI Virus"", ""Sample"", ""Collection""]"	NCBI Virus	This is defined different from the duplicate below. Meaning for submission Tool was to have a geographical level higher than countries (continents). We keep it (mostly redundant), might be useful for later curation; 	collection_region	NY; FL	
analysis_accession	Analysis Accession	ENA analysis object Accession.	keyword	"[""ENA"", ""Organizational"", ""ENA Analysis"", ""VJDB Analysis"", ""Identifiers""]"		no example needed	keep internally		
collecting_organization	Collecting Organization	Name of the institution/affiliation to which the person collecting the sample belongs	text	"[""ENA"", ""ENA ERC32"", ""ENA ERC33"", ""Sample"", ""ENA Sample"", ""VJDB Sample"", ""Collection""]"		conform with submitter organization; not sure	keep internally		
host_health_state	Host Health State	Health state of the host at the time of sample collection, e.g. diseased or healthy	text	"[""ENA"", ""ENA ERC32"", ""ENA ERC33"", ""Host"", ""ENA Sample"", ""VJDB Sample"", ""Collection""]"			keep internally	diseased; healthy	
latitude	Latitude	The geographic location by latitude, where the sample the sequence originates from was collected/sampled. (DD)	keyword	"[""ENA"", ""MIGS-VI"", ""ENA ERC32"", ""ENA ERC33"", ""Sample"", ""ENA Sample"", ""VJDB Sample"", ""Collection""]"			keep internally	-18.54; 68.277	
longitude	Longitude	The geographic location by longitude, where the sample the sequence originates from was collected/sampled. (DD)	keyword	"[""ENA"", ""MIGS-VI"", ""ENA ERC32"", ""ENA ERC33"", ""Sample"", ""ENA Sample"", ""VJDB Sample"", ""Collection""]"			keep internally	-102.35; 22.6	
collection_region	Collection Region	Continent where the sample the sequence originates from was collected/sampled.	text	"[""Sample"", ""Collection""]"	no source	Region unclear -> Check again where it came from, recheck naming and vocabulary, INSDC country list contains the oceans; Name suggestions macroregion or georegion; no direct source but constructable (group countries into clusters); 	remove	Asia	
collection_source_environment	Collection Source Environment	Describes the physical, environmental or local geographical source of the sample, e.g. soil	text	"[""ENA"", ""MIGS-VI"", ""ENA ERC32"", ""ENA ERC33"", ""Sample"", ""ENA Sample"", ""VJDB Sample"", ""Collection""]"		as it is, for revision with data; not sure	collection_source_non-host_associated		
collector_name	Collector Name	Name of the person that collected the sample	text	"[""ENA"", ""ENA ERC32"", ""ENA ERC33"", ""Sample"", ""ENA Sample"", ""VJDB Sample"", ""Collection""]"			keep internally	Zuckerman,N.	
cutoff_for_seropositive_sample	Cutoff for Seropositive Sample	The cuttoff used to determine if the sample is seropositive.	keyword	"[""ENA"", ""ENA ERC32"", ""ENA ERC33"", ""Sample"", ""ENA Sample"", ""VJDB Sample"", ""Clinical""]"		not sure	keep internally		
experiment_accession	Experiment Accession	References an ENA assembly to an ENA Experiment.	keyword	"[""ENA"", ""Organizational"", ""Identifiers""]"		no example needed	keep internally		
host_behaviour	Host Behaviour	Natural behaviour of the sampled host.	text	"[""ENA"", ""ENA ERC32"", ""ENA ERC33"", ""Host"", ""ENA Sample"", ""VJDB Sample"", ""Clinical""]"			keep internally	domestic; wild	
host_disease	Host Disease	The hosts main disease diagnosis.	text	"[""Host"", ""Clinical""]"		not sure	keep internally		
host_disease_outcome	Host Disease Outcome	The hosts disease outcome. Did the host recover from the disease?	text	"[""ENA"", ""ENA ERC32"", ""ENA ERC33"", ""Host"", ""ENA Sample"", ""VJDB Sample"", ""Clinical""]"			keep internally	recovered; dead	
host_disease_symptoms	Host Disease Symptoms	The symptoms that have been reported in relation to the illness, such as cough, diarrhea, fever, headache, malaise, myalgia, nausea, runny_nose, shortness_of_breath, sore_throat. If multiple exposures are applicable, please state them separated by semicolon.	text	"[""ENA"", ""Host"", ""Clinical""]"			keep internally	fever; headache; runny_nose	
host_habitat	Host Habitat	Natural habitat of the avian or mammalian host	text	"[""ENA"", ""ENA ERC32"", ""ENA ERC33"", ""Host"", ""ENA Sample"", ""VJDB Sample"", ""Collection""]"			keep internally	domestic:free-range farm; wild:resident	
host_subject_id	Host Subject ID	The unique ID of the sampled host from the BV-BRC.	keyword	"[""ENA"", ""ENA ERC32"", ""ENA ERC33"", ""Host"", ""ENA Sample"", ""VJDB Sample"", ""Clinical ""]"		not sure	keep internally		
influenza_test_method	Influenza Test Method	Method used to assess if a sample is flu positive/negative. Multiple methods are seperated by semicolon(s).	text	"[""ENA"", ""ENA ERC32"", ""Sample"", ""ENA Sample"", ""VJDB Sample"", ""Clinical ""]"			keep internally	"""RT-PCR; antigen ELISA"""	
influenza_test_result	Influenza Test Result	Result of the given methods. Positive(P) or Negative(N). For multiple test the results are delimited by semicolon, e.g. P; P.	keyword	"[""ENA"", ""ENA ERC32"", ""Sample"", ""ENA Sample"", ""VJDB Sample"", ""Clinical ""]"			keep internally	"""P;P""; ""N""; ""N;P"""	
influenza_virus_type	Influenza Virus Type	Influenza virus type classification: A, B or C.	keyword	"[""ENA"", ""ENA ERC32"", ""Sample"", ""ENA Sample"", ""VJDB Sample"", ""Clinical ""]"			keep internally	A; B; C	
other_pathogens_test_result	Other Pathogens Test Result	The test result for other tested pathogens given as described by influenza test result.	keyword	"[""ENA"", ""ENA ERC32"", ""Sample"", ""ENA Sample"", ""VJDB Sample"", ""Clinical ""]"			keep internally	Newcastle; none	
other_pathogens_tested	Other Pathogens Tested	Was the sample tested for other pathogens? Insert the pathogenic organisms using semicolon as a delimiter, e.g. Newcastle. “None” is also valid.	keyword	"[""ENA"", ""ENA ERC32"", ""Sample"", ""ENA Sample"", ""VJDB Sample"", ""Clinical ""]"			keep internally	"""P;P""; N; ""N;not applicable"""	
pangolin_version	Pangolin Version	Pangolin version used to determine the lineage.	keyword	"[""RKI"", ""Analysis"", ""Workflows""]"			keep internally		
receipt_date	Receipt Date	If the sample was only received and not collected provide the receipt date.	date	"[""ENA"", ""ENA ERC32"", ""ENA ERC33"", ""Sample"", ""ENA Sample"", ""VJDB Sample"", ""Clinical ""]"			keep internally	2023-05-20	
rki_accession	RKI Accession	RKI Accession of the virus sequence.	keyword	"[""RKI"", ""Organizational"", ""Identifiers""]"		no example needed	remove		
run_accession	Run Accession	References a ENA assembly to an ENA Run object.	keyword	"[""ENA"", ""Organizational"", ""Identifiers""]"		no example needed	keep internally		
serotype	Serotype	Serological variety of a species characterised by its antigenic properties, e.g. H1N1.	text	"[""ENA"", ""MIGS-VI"", ""ENA ERC32"", ""ENA ERC33"", ""Sample"", ""ENA Sample"", ""VJDB Sample"", ""Clinical""]"		NCBI Virus has genotype, which includes Serotype, otherwise we have no valid informational source -> internal for now; 	keep internally	H1N1	
abbreviation	Abbreviation	Common abbreviations of the virus species name.	keyword	"[""Sample"", ""Virus Info"", ""ICTV Taxonomy""]"	ICTV		tbd	HPV	Virus name abbreviation(s)
sample_species_tax_id	Sample Species Tax ID	Temporary NCBI Tax ID used for mapping the taxonomy tree to the metadata table.	keyword	"[""Sample"", ""Identifiers"", ""NCBI Taxonomy""]"	NCBI Taxonomy	No mapping, seems to  be NCBI Tax ID; not sure	tbd		
sequence_name	Sequence Name	Generic name of the sequence (Name of the entry).	text	"[""MIGS-VI"", ""BV-BRC"", ""Analysis"", ""Workflows""]"	BVBRC	no example needed	change to BVBRC_genome_name		
publication_doi	Publication DOI	The DOI of the publication associated with the sequence.	keyword	"[""MIGS-VI"", ""Organizational"", ""Identifiers""]"	no source	needs curation before public; 	remove	10.1000/182	
pubmed_accession	Pubmed Accession	The PubMed ID of publication associated with the sequence.	keyword	"[""MIGS-VI"", ""BV-BRC"", ""Organizational"", ""Identifiers""]"	BVBRC	needs curation before public; no example needed			
update_date	Update Date	Last update date of the sequence in BVBRC (whole entry).	date	"[""BV-BRC"", ""Organizational"", ""Workflows""]"	BVBRC		update definition: last update date of the record in bvbrc)	2023-05-20	
insert_size	Insert Size	Insert size for paired reads.	keyword	"[""ENA"", ""ENA ERC32"", ""ENA ERC33"", ""Analysis"", ""ENA Experiment"", ""VJDB Experiment"", ""Workflows""]"		not sure	keep internally		
instrument	Instrument	Instrument model used for sequencing.	text	"[""ENA"", ""MIGS-VI"", ""ENA ERC32"", ""ENA ERC33"", ""Analysis"", ""ENA Experiment"", ""VJDB Experiment"", ""Workflows""]"			keep internally	AB 310 Genetic Analyzer	
library_construction_protocol	Library Construction Protocol	The protocol used to construct the sequencing library.	text	"[""ENA"", ""ENA ERC32"", ""ENA ERC33"", ""Analysis"", ""ENA Experiment"", ""VJDB Experiment"", ""Workflows""]"		not sure	keep internally		
library_description	Library Description	The design of the sequencing library including details of how it was constructed.	text	"[""ENA"", ""ENA ERC32"", ""ENA ERC33"", ""Analysis"", ""ENA Experiment"", ""VJDB Experiment"", ""Workflows""]"		not sure	keep internally		
library_layout	Library Layout	The sequencing library layout specifies whether to expect single or paired configuration of reads.	keyword	"[""ENA"", ""MIGS-VI"", ""ENA ERC32"", ""ENA ERC33"", ""Analysis"", ""ENA Experiment"", ""VJDB Experiment"", ""Workflows""]"			keep internally	SINGLE	
library_name	Library Name	The name for the sequencing library if any.	text	"[""ENA"", ""ENA ERC32"", ""ENA ERC33"", ""Analysis"", ""ENA Experiment"", ""VJDB Experiment"", ""Workflows""]"			keep internally	1111898265709	
library_selection	Library Selection	The method used to select for or against, enrich, or screen the material being sequenced.	keyword	"[""ENA"", ""MIGS-VI"", ""ENA ERC32"", ""ENA ERC33"", ""Analysis"", ""ENA Experiment"", ""VJDB Experiment"", ""Workflows""]"			keep internally	unspecified; RANDOM	
library_source	Library Source	The library source specifies the type of source material that is being sequenced.	keyword	"[""ENA"", ""ENA ERC32"", ""ENA ERC33"", ""Analysis"", ""ENA Experiment"", ""VJDB Experiment"", ""Workflows""]"			keep internally	VIRAL RNA	
library_strategy	Library Strategy	The sequencing technique intended for this sequencing library.	keyword	"[""ENA"", ""ENA ERC32"", ""ENA ERC33"", ""Analysis"", ""ENA Experiment"", ""VJDB Experiment"", ""Workflows""]"			keep internally	AMPLICON	
virus_id	Virus ID	Unique ID given by the investigator as strain might not be unique.	keyword	"[""ENA"", ""RKI"", ""ENA ERC32"", ""ENA ERC33"", ""Sample"", ""ENA Sample"", ""VJDB Sample"", ""Clinical ""]"		not sure	keep internally		
antiviral_treatment	Antiviral Treatment	Antiviral treatment used for this subject, such as zanamavir oseltamivir, amantadine.	keyword	"[""ENA ERC32"", ""Host"", ""ENA Sample"", ""VJDB Sample"", ""Clinical ""]"				rimantadine; amantadine	
antiviral_treatment_dosage	Antiviral Treatment Dosage	Dosage of the treatment taken by the subject. example: 0.05 mg.	float	"[""ENA ERC32"", ""Host"", ""ENA Sample"", ""VJDB Sample"", ""Clinical ""]"				0.05 mg	
antiviral_treatment_duration	Antiviral Treatment Duration	Duration of antiviral treatment after onset of clinical symptoms in days.example: 5.	integer	"[""ENA ERC32"", ""Host"", ""ENA Sample"", ""VJDB Sample"", ""Clinical ""]"				5	
antiviral_treatment_initiation	Antiviral Treatment Initiation	Initiation of antiviral treatment after onset of clinical symptoms in days. example: 2.5.	keyword	"[""ENA ERC32"", ""Host"", ""ENA Sample"", ""VJDB Sample"", ""Clinical ""]"				2.5	
gravidity	Gravidity	Whether or not the subject is gravid. if so, report date due or date post-conception and specify which of these two dates is being reported.	keyword	"[""ENA ERC32"", ""ENA ERC33"", ""Sample"", ""ENA Sample"", ""VJDB Sample"", ""Clinical ""]"				no: yes, post-conception date 2020-05-07	
hospitalisation	Hospitalisation	Was the subject confined to a hospital as a result of virus infection or problems occurring secondary to virus infection?	keyword	"[""ENA ERC32"", ""ENA ERC33"", ""Sample"", ""ENA Sample"", ""VJDB Sample"", ""Clinical ""]"				yes; no	
host_description	Host Description	Other descriptive information relating to the host.	text	"[""ENA ERC32"", ""ENA ERC33"", ""Host"", ""ENA Sample"", ""VJDB Sample"", ""Clinical ""]"		no example needed			
illness_duration	Illness Duration	The number of days the illness lasted. example: 4	integer	"[""ENA ERC32"", ""ENA ERC33"", ""Host"", ""ENA Sample"", ""VJDB Sample"", ""Clinical ""]"				4	
illness_onset_date	Illness Onset Date	Date the subject showed an onset of symptoms. format: yyyy-mm-dd. example: 2011-10-20	date	"[""ENA ERC32"", ""Host"", ""ENA Sample"", ""VJDB Sample"", ""Clinical ""]"				2011-10-20	
illness_symptoms	Illness Symptoms	The symptoms that have been reported in relation to the illness, such as cough, diarrhea, fever, headache, malaise, myalgia, nausea, runny_nose, shortness_of_breath, sore_throat. if multiple exposures are applicable, please state them separated by semicolon.	text	"[""ENA ERC32"", ""ENA ERC33"", ""Host"", ""ENA Sample"", ""VJDB Sample"", ""Clinical ""]"				fever; headache; malaise; myalgia; nausea; runny_nose	
influenza_strain_unique_number	Influenza Strain Unique Number	Unique number of the strain which is reported as a part of the influenza strain name, such as a/chicken/fujian/411/2002(hxn1). format: integer number, example: 411	text	"[""ENA ERC32"", ""Sample"", ""ENA Sample"", ""VJDB Sample"", ""Clinical ""]"				411	
influenza_vaccination_date	Influenza Vaccination Date	Date that the influenza vaccination was administered to the subject over the past year. format: yyyy-mm-dd. example: 2007-05-12	date	"[""ENA ERC32"", ""Sample"", ""ENA Sample"", ""VJDB Sample"", ""Clinical ""]"				2007-05-12	
influenza_vaccination_type	Influenza Vaccination Type	Influenza vaccinations that have been administered to the subject over the last year. example: 2009 h1n1 flumist	keyword	"[""ENA ERC32"", ""Sample"", ""ENA Sample"", ""VJDB Sample"", ""Clinical ""]"				2009 h1n1 flumist	
influenza_like_illness_at_the_time_of_sample_collection	Influenza-like Illness at the Time of Sample Collection	Is the subject at the time of sample collection considered to have influenza like illness?	keyword	"[""ENA ERC32"", ""Sample"", ""ENA Sample"", ""VJDB Sample"", ""Clinical ""]"				yes; no	
inoculation_dose	Inoculation Dose	Dose used for the inoculoation experiment.	keyword	"[""ENA ERC32"", ""Sample"", ""ENA Sample"", ""VJDB Sample"", ""Clinical ""]"		not sure			
inoculation_route	Inoculation Route	Brief description of the protocol inoculation route.	text	"[""ENA ERC32"", ""Sample"", ""ENA Sample"", ""VJDB Sample"", ""Clinical ""]"		not sure			
inoculation_stock_availability	Inoculation Stock Availability	Is the virus stock used for the inoculation available?	text	"[""ENA ERC32"", ""Sample"", ""ENA Sample"", ""VJDB Sample"", ""Clinical ""]"		not sure			
lineage_swl_required_for_h1n1_viruses	Lineage: SWL (Required for H1N1 Viruses)	Does the h1n1 influenza virus originate from a swine-like outbreak (as opposed to a seasonal flu)?	keyword	"[""ENA ERC32"", ""Analysis"", ""ENA Sample"", ""VJDB Sample"", ""Clinical ""]"		not sure			
meaning_of_cut_off_value	Meaning of Cut Off Value	Description helping to explain what the cut off value means.	keyword	"[""ENA ERC32"", ""Sample"", ""ENA Sample"", ""VJDB Sample"", ""Clinical ""]"		no example needed			
number_of_inoculated_individuals	Number of Inoculated Individuals	Number of host individuals inoculated for the experiment.	integer	"[""ENA ERC32"", ""Sample"", ""ENA Sample"", ""VJDB Sample"", ""Clinical ""]"				5	
personal_protective_equipment	Personal Protective Equipment	Use of personal protective equipment, such as gloves, gowns, during any type of exposure. example: mask	keyword	"[""ENA ERC32"", ""ENA ERC33"", ""Sample"", ""ENA Sample"", ""VJDB Sample"", ""Clinical ""]"				mask	
sample_capture_status	Sample Capture Status	Reason for the sample collection.	keyword	"[""ENA ERC32"", ""ENA ERC33"", ""Sample"", ""ENA Sample"", ""VJDB Sample"", ""Clinical ""]"				active surveillance in response to outbreak; market sample	
sample_storage_conditions	Sample Storage Conditions	Conditions at which sample was stored, usually storage temperature, duration and location. in soil context: explain how and for how long the soil sample was stored before dna extraction (fresh/frozen/other).	keyword	"[""ENA ERC32"", ""ENA ERC33"", ""Sample"", ""ENA Sample"", ""VJDB Sample"", ""Clinical ""]"		not sure			
sample_description	Sample Description	Free-form text describing the sample, its origin, and its method of isolation.	text	"[""ENA ERC32"", ""ENA ERC33"", ""Sample"", ""ENA Sample"", ""VJDB Sample"", ""Clinical ""]"		no example needed			
source_of_vaccination_information	Source of Vaccination Information	Designation of information related to vaccination history as self reported or documented.	keyword	"[""ENA ERC32"", ""Sample"", ""ENA Sample"", ""VJDB Sample"", ""Clinical ""]"				decoumented; self reported	
study_description	Study Description	Briefly describes the goals, purpose, and scope of the study.  this need not be listed if it can be inherited from a referenced publication.	text	"[""ENA ERC32"", ""ENA ERC33"", ""Organizational"", ""ENA Study"", ""VJDB Study"", ""Study""]"		no example needed			
subject_exposure	Subject Exposure	Exposure of the subject to infected human or animals, such as poultry, wild bird or swine. If multiple exposures are applicable, these are separated by semicolon. Example: poultry;wild bird	text	"[""ENA ERC32"", ""ENA ERC33"", ""Sample"", ""ENA Sample"", ""VJDB Sample"", ""Clinical ""]"				poultry; wild  bird	
subject_exposure_duration	Subject Exposure Duration	Duration of the exposure of the subject to an infected human or animal. If multiple exposures are applicable, their duration is stated in the same order in which the exposure in the field was reported: 'subject exposure'. Example: 1 day; 0.33 days (Units: year)	float	"[""ENA ERC32"", ""ENA ERC33"", ""Sample"", ""ENA Sample"", ""VJDB Sample"", ""Clinical ""]"				1 day; 0.33 days 	
study_title	Study Title	Clear and useful title of the study/project, e.g. a title usable for a publication or the purpose of the project and its timeframe.	text	"[""ENA ERC32"", ""ENA ERC33"", ""Organizational"", ""ENA Study"", ""VJDB Study"", ""Study""]"		no example needed			
experiment_title	Experiment Title	Clear and useful title to identify the sequencing experiment. This title will not be submitted to the ENA on submission.	text	"[""ENA ERC32"", ""ENA ERC33"", ""Organizational"", ""ENA Experiment"", ""VJDB Experiment"", ""Study""]"		no example needed			
sample_title	Sample Title	Clear and useful title to identify the sample the sequence originates from was collected/sampled. This title will not be submitted to the ENA on submission.	text	"[""ENA ERC32"", ""ENA ERC33"", ""Organizational"", ""ENA Sample"", ""VJDB Sample"", ""Study""]"		no example needed			
type_exposure	Type Exposure	Setting within which the subject is exposed to animals, such as farm, slaughterhouse, food preparation. if multiple exposures are applicable, please state their type in the same order in which you reported the exposure in the field 'subject exposure'. example: backyard flock; confined animal feeding operation	text	"[""ENA ERC32"", ""ENA ERC33"", ""Sample"", ""ENA Sample"", ""VJDB Sample"", ""Clinical ""]"				backyard flock; confined animal feeding operation	
vaccine_dosage	Vaccine Dosage	Dosage of the vaccine taken by the host. example: 0.05 ml	float	"[""ENA ERC32"", ""Sample"", ""ENA Sample"", ""VJDB Sample"", ""Clinical ""]"				0.05 ml	
vaccine_lot_number	Vaccine Lot Number	Lot number of the vaccine.	keyword	"[""ENA ERC32"", ""Sample"", ""ENA Sample"", ""VJDB Sample"", ""Clinical ""]"		not sure			
vaccine_manufacturer	Vaccine Manufacturer	Manufacturer of the vaccine.	text	"[""ENA ERC32"", ""Sample"", ""ENA Sample"", ""VJDB Sample"", ""Clinical ""]"		not sure			
who_oie_fao_clade_required_for_hpai_h5n1_viruses	WHO/OIE/FAO Clade (Required for HPAI H5N1 Viruses)	WHO/OIE/FAO clade should be included for highly pathogenic h5n1 viruses. example: 2.2	text	"[""ENA ERC32"", ""Sample"", ""ENA Sample"", ""VJDB Sample"", ""Clinical ""]"				2.2	
virus_old_names	Virus Old Names	Collection of outdated names for a particular virus.	text	"[""Sample"", ""Clinical ""]"		no example needed			
sequence_byte_range	Sequence Byte Range	Byte range data of the sample in the sequence file without the header	keyword	"[""Internal"", ""Workflows""]"		no example needed			
sequence_path	Sequence Path	The file location of the multiseq fasta file including the parent folder name 	keyword	"[""Internal"", ""Workflows""]"		no example needed			
insertion_date	Insertion Date	Date of the insertion into the VirJen database	date	"[""Internal"", ""Workflows""]"		no example needed			
update_date	Update Date	The last date the metadata was updated in the VirJen database.	date	"[""Internal"", ""Workflows""]"					
ictv_subrealm	ICTV Subrealm	A 'Subrealm' is a rank in the taxonomic hierarchy into which virus species can be classified. Defined by the ICTV.	text	"[""PHD"", ""Taxonomy"", ""Virus Taxonomy"", ""ICTV Taxonomy""]"	ICTV	no example needed			Subrealm
ictv_subkingdom	ICTV Subkingdom	A 'Subkingdom' is a rank in the taxonomic hierarchy into which virus species can be classified. Defined by the ICTV.	text	"[""PHD"", ""Taxonomy"", ""Virus Taxonomy"", ""ICTV Taxonomy""]"	ICTV	no example needed			Subkingdom
ictv_subclass	ICTV Subclass	A 'Subclass' is a rank in the taxonomic hierarchy into which virus species can be classified. Defined by the ICTV.	text	"[""PHD"", ""Taxonomy"", ""Virus Taxonomy"", ""ICTV Taxonomy""]"	ICTV	no example needed			Subclass
ncbi_subrealm	NCBI Subrealm	A 'Subrealm' is a rank in the taxonomic hierarchy into which virus species can be classified. Defined by the NCBI.	text	"[""PHD"", ""Taxonomy"", ""Virus Taxonomy"", ""NCBI Taxonomy""]"		no example needed			
ncbi_subkingdom	NCBI Subkingdom	A 'Subkingdom' is a rank in the taxonomic hierarchy into which virus species can be classified. Defined by the NCBI.	text	"[""PHD"", ""Taxonomy"", ""Virus Taxonomy"", ""NCBI Taxonomy""]"		no example needed			
ncbi_subclass	NCBI Subclass	A 'Subclass' is a rank in the taxonomic hierarchy into which virus species can be classified. Defined by the NCBI.	text	"[""PHD"", ""Taxonomy"", ""Virus Taxonomy"", ""NCBI Taxonomy""]"		no example needed			
host_age_normalized	Host Age Normalized	Host Ages in a uniform unit, TBD	integer	"[""Host"", ""Clinical ""]"	VJDB	Use for sorting by host age, and relevant for plotting; not sure			
lab_passaged	Lab Passaged	Indicator that sequences came from samples from a laboratory setting, and not from a wild host.	keyword	"[""Sample"", ""Virus Info""]"	NCBI Virus	not sure			
viralzone_page	ViralZone Page	There is one page in Viralzone associated to this Taxon ID.	boolean	"[""Source"", ""Flags""]"	ViralZone				
ictv_id	ICTV ID	ICTV ID from Master_Species_List file	keyword	"[""Source"", ""Flags"", ""ICTV Taxonomy""]"	ICTV				ICTV_ID
ictv_virus_name	ICTV Virus name	Commonly used virus name (or names separated by a semi-colon).	text	"[""Taxonomy"", ""Virus Info"", ""ICTV Taxonomy""]"	ICTV				Virus name(s)
taxonomy_tree_hash	Taxonomy Tree Hash	Hash ontent for the rank in the taxonomy tree.	keyword	"[""Internal"", ""Workflows""]"	VJDB				
current_virjen_version	Current VirJen Version	A flag that indicates if the record is the latest update in VirJenDB database	boolean	"[""Internal"", ""Workflows""]"	VJDB				
updated_fields	Updated Fields	List of VirJenDB metadata fields and their content when they are updated in each release in compare to the previous version	date	"[""Internal"", ""Workflows""]"	VJDB				
genome_sequence	Genome Sequence	Virus genome sequence	keyword	"[""Internal"", ""Workflows""]"	NCBI Virus|BVBRC|GTDB				
genome_sequence_hash	Genome Sequence Hash	VIrus genome sequence hash SHA256	keyword	"[""Internal"", ""Workflows""]"	VJDB				
host_assembly_program	Host Assembly Program	The program used for host genome assembly.	text	"[""IMG/VR"", ""PhiSpy"", ""Host"", ""Workflows""]"	IMG/VR|PhiSpy|PhD				
phage_id	phage id	phage id internal identifier	keyword	"[""IMG/VR"", ""PHD"", ""PhiSpy"", ""Internal"", ""Virus Info""]"	VJDB	From Malte's dataset, deprecated (VirJenDB Accession as new Identifier), soon to be removed			
ictv_lineage_hash_list	ICTV Lineage Hash List 	The list of the hash for the lineage of the rank in the ICTV VMR.	keyword	"[""Internal"", ""Workflows""]"	VJDB				
parent_hash	Parent Hash	Taxonomy Table Hash ID of the Parent Rank	keyword	"[""Internal"", ""Workflows""]"	VJDB				
rank_hash	Rank Hash	Taxonomy Table Hash ID of the Rank	keyword	"[""Internal"", ""Workflows""]"	VJDB				
ictv_rank_name	ICTV Rank Name	ICTV Rank Name	text	"[""Internal"", ""Workflows""]"	ICTV				
ictv_rank_type	ICTV Rank Type	ICTV Rank Type	keyword	"[""Internal"", ""Workflows""]"	ICTV				
imgvr_uvig_id	IMGVR UVIG ID	IMGVR UVIG ID	keyword	"[""IMG/VR"", ""Host"", ""Identifier""]"	IMG/VR|PhiSpy|PhD				
coding_strand	Coding Strand	True if the current virus sequence is a coding strand. Calculated by part of the ViralClust tool suite. Only intended for ssRNA viruses.	boolean	"[""Analysis"", ""Flags"", ""Workflows""]"	VJDB			TRUE	
host_confidence_score	Host Confidence Score	"Confidence score associated with the method by which ""Host Accession ID"" from NCBI GenBank or or ""NCBI Taxonomy Lineage"" was associated to the virus sequence. Multiple host associations/predictions separated by semicolons. "	float	"[""IMG/VR"", ""PhiSpy"", ""Host"", ""Workflows""]"	VJDB				
checkv_contig_length	CheckV Contig Length	Length of the sequence as calculated by CheckV v1.0.1 against the default CheckV database v1.5. For more information about CheckV please see the tool page at: https://bitbucket.org/berkeleylab/checkv/src/master	integer	"[""Analysis"", ""Workflows""]"	VJDB				
checkv_provirus	CheckV Provirus	Prediction of whether the sequence is a provirus by CheckV v1.0.1 against the default CheckV database v1.5. For more information about CheckV please see the tool page at: https://bitbucket.org/berkeleylab/checkv/src/master	keyword	"[""Analysis"", ""Workflows""]"	VJDB				
checkv_proviral_length	CheckV Proviral Length	If the sequence is predicated as a provirus, the length ofthe provirus, calculated by CheckV v1.0.1 against the default CheckV database v1.5. For more information about CheckV please see the tool page at: https://bitbucket.org/berkeleylab/checkv/src/master	integer	"[""Analysis"", ""Workflows""]"	VJDB				
checkv_gene_count	CheckV Gene Count	The number of genes in the virus sequence as calculated by CheckV v1.0.1 against the default CheckV database v1.5. For more information about CheckV please see the tool page at: https://bitbucket.org/berkeleylab/checkv/src/master	integer	"[""Analysis"", ""Workflows""]"	VJDB				
checkv_viral_genes	CheckV Viral Genes	The number of virus genes in the virus sequence as calculated by CheckV v1.0.1 against the default CheckV database v1.5. For more information about CheckV please see the tool page at: https://bitbucket.org/berkeleylab/checkv/src/master	keyword	"[""Analysis"", ""Workflows""]"	VJDB				
checkv_host_genes	CheckV Host Genes	The number of host genes as calculated by CheckV v1.0.1 against the default CheckV database v1.5. For more information about CheckV please see the tool page at: https://bitbucket.org/berkeleylab/checkv/src/master	text	"[""Analysis"", ""Workflows""]"	VJDB				
checkv_quality	CheckV Quality	"Quality tier of the virus genome as noted by CheckV v1.0.1 against the default CheckV database v1.5. For more information about CheckV please see the tool page at: https://bitbucket.org/berkeleylab/checkv/src/master 
Possible values:
Complete
High-quality (>90% completeness)
Medium-quality (50-90% completeness)
Low-quality (<50% completeness)
Undetermined quality"	keyword	"[""Analysis"", ""Workflows""]"	VJDB				
checkv_miuvig_quality	CheckV MIUVIG Quality	MIUVIG quality as noted by CheckV v1.0.1 against the default CheckV database v1.5. For more information about CheckV please see the tool page at: https://bitbucket.org/berkeleylab/checkv/src/master	keyword	"[""Analysis"", ""Workflows""]"	VJDB				
checkv_completeness	CheckV Completeness	Completeness of the virus genome sequenceas calculated by CheckV v1.0.1 against the default CheckV database v1.5. For more information about CheckV please see the tool page at: https://bitbucket.org/berkeleylab/checkv/src/master	keyword	"[""Analysis"", ""Workflows""]"	VJDB				
checkv_completeness_method	CheckV Completeness Method	Method of determining the completeness of the virus genome sequence as calculated by CheckV v1.0.1 against the default CheckV database v1.5. For more information about CheckV please see the tool page at: https://bitbucket.org/berkeleylab/checkv/src/master	text	"[""Analysis"", ""Workflows""]"	VJDB				
checkv_contamination	CheckV Contamination	Amount of virus genome sequence contamination as calculated by CheckV v1.0.1 against the default CheckV database v1.5. For more information about CheckV please see the tool page at: https://bitbucket.org/berkeleylab/checkv/src/master	keyword	"[""Analysis"", ""Workflows""]"	VJDB				
checkv_kmer_freq	CheckV Kmer Freq	Number of times the virus genome was found in the as calculated by CheckV v1.0.1 against the default CheckV database v1.5. For more information about CheckV please see the tool page at: https://bitbucket.org/berkeleylab/checkv/src/master	keyword	"[""Analysis"", ""Workflows""]"	VJDB				
checkv_warnings	CheckV Warnings	Warnings generated by running CheckV v1.0.1 against the default CheckV database v1.5. For more information about CheckV please see the tool page at: https://bitbucket.org/berkeleylab/checkv/src/master	keyword	"[""Analysis"", ""Workflows""]"	VJDB				
length_coverage	Length Coverage	Percentage of Ns within the whole sequence from BVBRC.	float	"[""MIGS-VI"", ""Internal"", ""Sequence""]"	no source	not sure	remove; change the name and id: sequence_perc_N		
number_of_contigs	Number of Contigs	Number of contigs in the sequence.	integer	"[""MIGS-VI"", ""Internal"", ""Sequence""]"	no source		remove	1;13	
sequence_version	Sequence Version	Version of the sequence (whole entry).	keyword	"[""RKI"", ""Internal"", ""Sequence""]"	no source	not sure	remove		
sequencing_reason	Sequencing Reason	Why was the collected sample sequenced?	keyword	"[""ENA"", ""RKI"", ""Internal"", ""Workflows""]"	no source	not sure	remove		
assembly_level	Assembly Level	The level of the Assembly (contig, scaffold, chromosome, complete genome).	keyword	"[""ENA"", ""Internal"", ""ENA Analysis"", ""VJDB Analysis"", ""Workflows""]"		apply customization to vjdb , e.g. chromosome to genome or something; input not yet defined	keep internally		
min_gap_length	Min Gap Length	Minimum length of consecutive Ns to be considered a gap.	integer	"[""ENA"", ""Internal"", ""ENA Analysis"", ""VJDB Analysis"", ""Workflows""]"		not sure	keep internally		
assembly_program	Assembly Program	The program used for genome assembly.	keyword	"[""ENA"", ""MIGS-VI"", ""BV-BRC"", ""Internal"", ""ENA Analysis"", ""VJDB Analysis"", ""Workflows""]"	BVBRC		keep internally		
assembly_type	Assembly Type	Identifier on how to treat the submitted assembly. Currently only assemblies from ‘clone or isolate’ are permitted.	keyword	"[""ENA"", ""Internal"", ""ENA Analysis"", ""VJDB Analysis"", ""Workflows""]"		"for submission this is always ""clone or isolate""; "	keep internally	clone or isolate	
lab_host_common_name	Lab Host Common Name	BVBRC Lab Host, common name of the lab host.	text	"[""BV-BRC"", ""Host"", ""Host Info""]"	BVBRC	"remove? Lab Passage 1 to 1 in public and rest in private for submission, because Lab Passaged is buil on ""/labhost"", to catch this we provide these fields; not sure"	host_lab_common_name		
lab_host_ncbi_tax_id	Lab Host NCBI Tax ID	The NCBI Taxonomy ID of the lab host.	keyword	"[""MIGS-VI"", ""Host"", ""Identifiers""]"		remove?; not sure	keep internally		
lab_host_species	Lab Host Species	The scientific species name of the lab host.	text	"[""ENA"", ""MIGS-VI"", ""Host"", ""Host Info""]"		remove?; not sure	keep internally		
file_format	File Format	The run data file model.	keyword	"[""ENA ERC32"", ""ENA ERC33"", ""Internal"", ""ENA Run"", ""VJDB Run"", ""Workflows""]"		no example needed			
file_name	File Name	The name or relative pathname of a run data file.	text	"[""ENA ERC32"", ""ENA ERC33"", ""Internal"", ""ENA Run"", ""VJDB Run"", ""Workflows""]"		no example needed			
host_age	Host Age	Host age given by a number. Is connected to Host Age Unit. The number should match the unit. E.g. 2 years	integer	"[""Internal"", ""Clinical ""]"	no source			37	
host_age_unit	Host Age Unit	Unit that describes the host age. Is connected to Host Age. Should fit the number, e.g. 2 years	keyword	"[""Host"", ""Clinical""]"	no source	These two private for submission, one field for public where it is combined and one for normalized values (also for filtering); 	remove	days; years	
analysis_title	Analysis Title	Clear and useful title to identify the analysis of your sequencing experiment. This title will not be submitted to the ENA on submission.	text	"[""Internal"", ""VJDB Analysis"", ""Workflows""]"		no example needed			
insdc_accession	INSDC Accession	GenBank Accession of the virus sequence. It equals NCBI Accession, ENA Accession, and DDBJ Accession, which are part of the INSDC.	keyword	"[""NCBI Virus"", ""BV-BRC"", ""PHD"", ""Organizational"", ""Identifiers""]"	NCBI Virus|BVBRC	no example needed			
assembly_accession	Assembly Accession	NCBI Assembly Accession of the virus sequence.	keyword	"[""NCBI Virus"", ""BV-BRC"", ""PHD"", ""Organizational"", ""ENA Analysis"", ""VJDB Analysis"", ""Identifiers""]"	NCBI Virus|BVBRC	no example needed			
bioproject_accession	Bioproject Accession	References the BioProject Accession that the virus sequence is a part of (INSDC). 	keyword	"[""ENA"", ""NCBI Virus"", ""BV-BRC"", ""Organizational"", ""ENA Study"", ""Identifiers""]"	NCBI Virus|BVBRC	no example needed			
biosample_accession	Biosample Accession	References the BioSample Accession that the virus sequence is a part of (INSDC).	keyword	"[""ENA"", ""MIGS-VI"", ""NCBI Virus"", ""BV-BRC"", ""Organizational"", ""ENA Sample"", ""VJDB Sample"", ""Identifiers""]"	NCBI Virus|BVBRC	no example needed			
collection_date	Collection Date	Date when the sample the virus sequence originates from was collected or sampled.	date	"[""ENA"", ""RKI"", ""MIGS-VI"", ""NCBI Virus"", ""BV-BRC"", ""ENA ERC32"", ""ENA ERC33"", ""Sample"", ""ENA Sample"", ""VJDB Sample"", ""Collection""]"	NCBI Virus|BVBRC	"would be ""Date"" but to make distinction as there are multiple dates; "		2023-05-28	
country	Country	Country or sea area where the sample the virus sequence originates from was collected or sampled.	text	"[""ENA"", ""MIGS-VI"", ""NCBI Virus"", ""BV-BRC"", ""ENA ERC32"", ""ENA ERC33"", ""Sample"", ""ENA Sample"", ""VJDB Sample"", ""Collection""]"	NCBI Virus|BVBRC			Germany	
genbank_sequence	GenBank Sequence	Determines if this virus sequence is available in Genbank.	boolean	"[""NCBI Virus"", ""Source"", ""Flags""]"	NCBI Virus			true	
refseq_sequence	RefSeq Sequence	Determines if this virus sequence is a reference sequence in the RefSeq database.	boolean	"[""NCBI Virus"", ""BV-BRC"", ""Source"", ""Flags""]"	NCBI Virus|BVBRC			true	
collection_geo_location	Collection Geo Location	Country name and additional identifier like a state abbreviation from where the sample the sequence originates from was collected/sampled.	text	"[""NCBI Virus"", ""BV-BRC"", ""ENA ERC32"", ""ENA ERC33"", ""Sample"", ""ENA Sample"", ""VJDB Sample"", ""Collection""]"	NCBI Virus|BVBRC	shown until further revised; 		USA: NY 	
host_common_name	Host Common Name	Common name of the host the virus sequence was collected from, e.g. human. Currently (v1.0) no ontology is applied.	text	"[""ENA"", ""NCBI Virus"", ""BV-BRC"", ""ENA ERC32"", ""ENA ERC33"", ""Host"", ""ENA Sample"", ""VJDB Sample"", ""Host Taxonomy""]"	NCBI Virus|BVBRC			human	
sequence_length	Sequence Length	Length of the virus sequence in basepairs (bp).	integer	"[""NCBI Virus"", ""BV-BRC"", ""IMG/VR"", ""PHD"", ""PhiSpy"", ""Sample"", ""Sequence"", ""Workflows""]"	NCBI Virus|BVBRC	Is sequence in the name needed? Length to generic -> Sequence Length (consideration for other data layers); 		10201	
molecule_type	Molecule Type	Molecule type of the sequence, e.g. ssRNA. Note that there are 15 molecule types corresponding to combinations of the Baltimore Classifications, from NCBI GenBank.	keyword	"[""ENA"", ""NCBI Virus"", ""Sample"", ""Virus Info""]"	NCBI Virus	Should be curated into Baltimore classes; Is this a sequence attribute or sample or both? Represent in naming?; 		ssRNA(+)	
genome_completeness	Genome Completeness	Wether the sequence is a partial or complete sequence in NCBI GenBank.	keyword	"[""NCBI Virus"", ""Sample"", ""Sequence"", ""Workflows""]"	NCBI Virus			partial; complete	
organism_name	Organism Name	NCBI GenBank organism name: a taxonomic name at species level or below the species level.	text	"[""NCBI Virus"", ""PHD"", ""Sample"", ""Virus Info""]"	NCBI Virus	technically sample species or below, take as it is until curation; 	sample_organism_name	Influenza A virus (A/goose/Guangdong/1/1996(H5N1))	
submitter_organization	Submitter Organization	Organization the submitter(s) is(are) affiliated with.	text	"[""NCBI Virus"", ""Organizational"", ""VJDB Study"", ""Submission""]"	NCBI Virus			National Center for Biotechnology Information, NIH	
release_date	Release Date	Date when the sequence was made public in a repository (e.g. GenBank, BV-BRC).	date	"[""RKI"", ""NCBI Virus"", ""Organizational"", ""Sequence""]"	NCBI Virus		update definition (genbank, bvbrc)	2023-05-20	
segment_name	Segment Name	Name of the virus segment. Can be a number.	text	"[""NCBI Virus"", ""Sample"", ""Sequence""]"	NCBI Virus			spike; 1; whole genome	
sra_accession	SRA Accession	NCBI Sequence Read Archive (SRA) Accession.	keyword	"[""NCBI Virus"", ""BV-BRC"", ""Organizational"", ""Identifiers""]"	NCBI Virus|BVBRC	no example needed			
submitter	Submitter	Name(s) of the submitter(s) of the virus sequence.	text	"[""NCBI Virus"", ""Organizational"", ""VJDB Study"", ""Submission""]"	NCBI Virus			Zuckerman,N., Mandelboim,M.	
collection_source_host_tissue	Collection Source Host Tissue	Tissue, Specimen or Source of the superhost from which the sample the virus sequence originates from was collected or sampled.	text	"[""ENA"", ""RKI"", ""MIGS-VI"", ""NCBI Virus"", ""ENA ERC32"", ""ENA ERC33"", ""Sample"", ""ENA Sample"", ""VJDB Sample"", ""Collection""]"	NCBI Virus	Plan about sources and vocabularies, RKI different from ENA, what about NCBI and environmental, leave it like that for now with NCBi input; 	collection_source_host_associated	brain; water; venom gland	
bv_brc_accession	BV-BRC Accession	Accession of the sequence in the BV-BRC database.	keyword	"[""BV-BRC"", ""Organizational"", ""Identifiers""]"	BVBRC	no example needed	Change id and name to BVBRC_genome_id		
bv_brc_host_group	BV-BRC Host Group	The host's broader group association in a taxonomic context from BV-BRC.	text	"[""BV-BRC"", ""Host"", ""Host Info""]"	BVBRC			vertebrates; plants	
host_species	Host Species	The scientific species name of the sampled host.	text	"[""ENA"", ""MIGS-VI"", ""BV-BRC"", ""ENA ERC32"", ""ENA ERC33"", ""Host"", ""ENA Sample"", ""VJDB Sample"", ""Host Info""]"	BVBRC			homo sapiens	
host_ncbi_tax_id	Host NCBI Tax ID	The host sequence NCBI Taxonomy ID. Can be based on the mapping by GTDB of the GTDB Species Name to the NCBI Taxonomy ID.	keyword	"[""MIGS-VI"", ""IMG/VR"", ""PHD"", ""PhiSpy"", ""Host"", ""ENA Sample"", ""VJDB Sample"", ""Host Taxonomy"", ""NCBI Taxonomy""]"	GTDB		keep internally	9606	
bvbrc_host_sex	BVBRC Host Sex	Sex of the sampled host from the BV-BRC.	text	"[""ENA"", ""BV-BRC"", ""ENA ERC32"", ""ENA ERC33"", ""Host"", ""ENA Sample"", ""VJDB Sample"", ""Clinical""]"	BVBRC			female; hermaphrodite	
bv_brc_sequence	BV-BRC Sequence	Flag indicating if this virus sequence is available in BV-BRC.	boolean	"[""Source"", ""Flags""]"	VJDB		add is_bvbrc	true	
pangolin_lineage	Pangolin Lineage	Lineage determined by Pangolin.	keyword	"[""RKI"", ""BV-BRC"", ""Analysis"", ""Sequence""]"	NCBI Virus|BVBRC	depends on how to treat RKI data, they have pangolin leange in json format that includes version and also method information, we could either include that (bad readabiliy, or splt the relevant information for these fields)			
ncbi_speciestax_id	NCBI SpeciesTax ID	The virus species NCBI Taxonomy ID.	keyword	"[""ENA"", ""MIGS-VI"", ""BV-BRC"", ""ENA ERC32"", ""ENA ERC33"", ""IMG/VR"", ""PHD"", ""PhiSpy"", ""GTDB"", ""Taxonomy"", ""ENA Sample"", ""VJDB Sample"", ""Identifiers"", ""NCBI Taxonomy""]"	BVBRC	Taxonomy Descision; 		197911	
average_depth	Average Depth	Average sequencing depth across the sequence from BVBRC.	float	"[""ENA"", ""BV-BRC"", ""Analysis"", ""Sequence"", ""Workflows""]"	BVBRC			12.0x	
gc_content	GC Content	Percentage of G and C nucleotides in the sequence from BVBRC.	float	"[""BV-BRC"", ""Analysis"", ""Sequence"", ""Workflows""]"	BVBRC			37.355248	
sequencing_center	Sequencing Center	Institution that sequenced the collected sample.	keyword	"[""BV-BRC"", ""Organizational"", ""Sequence"", ""Workflows""]"	BVBRC			US Food and Drug Administration	
platform	Platform	Instrument platform used for sequencing the virus; multiple values are seperated by a semicolon (only for assemblies).	text	"[""ENA"", ""RKI"", ""BV-BRC"", ""ENA ERC32"", ""ENA ERC33"", ""Analysis"", ""ENA Experiment"", ""VJDB Experiment"", ""Sequence"", ""Workflows""]"	BVBRC			CAPILLARY	
sequence_source	Sequence Source	The name of the source database or tool by which the virus sequence was added in VirJenDB; in the case of PhiSpy-predicted prophages, the value is PhiSpy.	keyword	"[""Organizational"", ""Source""]"	VJDB	not sure	change id and name to source_metadata_db, update definition		
submitter_country	Submitter Country	Country of the submitter's organization.	text	"[""NCBI Virus"", ""Sample"", ""VJDB Study"", ""Submission""]"	NCBI Virus			Germany	
submitter_region	Submitter Region	Region or location of the organization of the submitters.	text	"[""Sample"", ""Submission""]"	NCBI Virus	not sure	split organization to submitter_region		
virjendb_accession	VirJenDB Accession	Unique identifier of the virus sequence, assigned by VirJenDB.	keyword	"[""Organizational"", ""Source"", ""Identifiers""]"	VJDB			10580360	
virjendb_metadata_version	VirJenDB Metadata Version	Version of the virus sequence record, including metadata, assigned by VirJenDB.	keyword	"[""Organizational"", ""Source""]"	VJDB				
strain	Strain	Name of the virus strain associated with the sample from which the virus sequence was obtained.	text	"[""BV-BRC"", ""ENA ERC32"", ""ENA ERC33"", ""Sample"", ""ENA Sample"", ""VJDB Sample"", ""Virus Info""]"	BVBRC	not sure			
ictv_realm	ICTV Realm	A 'Realm' is the highest taxonomic rank into which a virus sequence can be classified. Defined by the ICTV.	text	"[""IMG/VR"", ""PHD"", ""PhiSpy"", ""Taxonomy"", ""Virus Taxonomy"", ""ICTV Taxonomy""]"	ICTV	no example needed			Realm
ictv_kingdom	ICTV Kingdom	A 'Kingdom' is a rank in the taxonomic hierarchy into which a virus sequence can be classified. Defined by the ICTV.	text	"[""IMG/VR"", ""PHD"", ""PhiSpy"", ""Taxonomy"", ""Virus Taxonomy"", ""ICTV Taxonomy""]"	ICTV	no example needed			Kingdom
ictv_phylum	ICTV Phylum	A 'Phylum' is a rank in the taxonomic hierarchy into which a virus sequence can be classified. Defined by the ICTV.	text	"[""IMG/VR"", ""PHD"", ""PhiSpy"", ""Taxonomy"", ""Virus Taxonomy"", ""ICTV Taxonomy""]"	ICTV	no example needed			Phylum
ictv_subphylum	ICTV Subphylum	A 'Subphylum' is a rank in the taxonomic hierarchy into which a virus sequence can be classified. Defined by the ICTV.	text	"[""PHD"", ""Taxonomy"", ""Virus Taxonomy"", ""ICTV Taxonomy""]"	ICTV	no example needed			Subphylum
ictv_class	ICTV Class	A 'Class' is a rank in the taxonomic hierarchy into which a virus sequence can be classified. Defined by the ICTV.	text	"[""IMG/VR"", ""PHD"", ""PhiSpy"", ""Taxonomy"", ""Virus Taxonomy"", ""ICTV Taxonomy""]"	ICTV	no example needed			Class
ictv_order	ICTV Order	A 'Order' is a rank in the taxonomic hierarchy into which a virus sequence can be classified. Defined by the ICTV.	text	"[""IMG/VR"", ""PHD"", ""PhiSpy"", ""Taxonomy"", ""Virus Taxonomy"", ""ICTV Taxonomy""]"	ICTV	no example needed			Order
ictv_suborder	ICTV Suborder	A 'suborder' is a rank in the taxonomic hierarchy into which a virus sequence can be classified. Defined by the ICTV.	text	"[""PHD"", ""Taxonomy"", ""Virus Taxonomy"", ""ICTV Taxonomy""]"	ICTV	no example needed			Suborder
ictv_family	ICTV Family	A 'Family' is a rank in the taxonomic hierarchy into which a virus sequence can be classified. Defined by the ICTV.	text	"[""IMG/VR"", ""PHD"", ""PhiSpy"", ""Taxonomy"", ""Virus Taxonomy"", ""ICTV Taxonomy""]"	ICTV	no example needed			Family
ictv_subfamily	ICTV Subfamily	A 'Subfamily' is a rank in the taxonomic hierarchy into which a virus sequence can be classified. Defined by the ICTV.	text	"[""PHD"", ""Taxonomy"", ""Virus Taxonomy"", ""ICTV Taxonomy""]"	ICTV	no example needed			Subfamily
ictv_genus	ICTV Genus	A 'Genus' is a rank in the taxonomic hierarchy into which a virus sequence can be classified. Defined by the ICTV.	text	"[""IMG/VR"", ""PHD"", ""PhiSpy"", ""Taxonomy"", ""Virus Taxonomy"", ""ICTV Taxonomy""]"	ICTV	no example needed			Genus
ictv_subgenus	ICTV Subgenus	A 'Subgenus' is a rank in the taxonomic hierarchy into which a virus sequence can be classified. Defined by the ICTV.	text	"[""PHD"", ""Taxonomy"", ""Virus Taxonomy"", ""ICTV Taxonomy""]"	ICTV	no example needed			Subgenus
ictv_species	ICTV Species	A Species is the lowest taxonomic rank in the hierarchy approved by the ICTV. While subspecies levels of classification may exist for some viruses (e.g. Hepatitis C virus), the ICTV does not classify viruses below the species level. Defined by the ICTV.	text	"[""IMG/VR"", ""PHD"", ""PhiSpy"", ""Taxonomy"", ""Virus Taxonomy"", ""ICTV Taxonomy""]"	ICTV	Taxonomy Descision; no example needed	tbd		Species
ncbi_realm	NCBI Realm	A 'Realm' is the highest taxonomic rank into which virus species can be classified. Defined by the NCBI.	text	"[""PHD"", ""Sample"", ""Virus Taxonomy"", ""NCBI Taxonomy""]"	NCBI Taxonomy	no example needed			
ncbi_kingdom	NCBI Kingdom	A 'Kingdom' is a rank in the taxonomic hierarchy into which a virus sequence can be classified. Defined by the NCBI.	text	"[""BV-BRC"", ""PHD"", ""Taxonomy"", ""Virus Taxonomy"", ""NCBI Taxonomy""]"	BVBRC	no example needed			
ncbi_phylum	NCBI Phylum	A 'Phylum' is a rank in the taxonomic hierarchy into which a virus sequence can be classified. Defined by the NCBI.	text	"[""BV-BRC"", ""PHD"", ""Taxonomy"", ""Virus Taxonomy"", ""NCBI Taxonomy""]"	BVBRC	no example needed			
ncbi_subphylum	NCBI Subphylum	A 'Subphylum' is a rank in the taxonomic hierarchy into which a virus sequence can be classified. Defined by the NCBI.	text	"[""PHD"", ""Taxonomy"", ""Virus Taxonomy"", ""NCBI Taxonomy""]"	NCBI Taxonomy	no example needed			
ncbi_class	NCBI Class	A 'Class' is a rank in the taxonomic hierarchy into which a virus sequence can be classified. Defined by the NCBI.	text	"[""BV-BRC"", ""PHD"", ""Taxonomy"", ""Virus Taxonomy"", ""NCBI Taxonomy""]"	BVBRC	no example needed			
ncbi_order	NCBI Order	A 'Order' is a rank in the taxonomic hierarchy into which a virus sequence can be classified. Defined by the NCBI.	text	"[""BV-BRC"", ""PHD"", ""Taxonomy"", ""Virus Taxonomy"", ""NCBI Taxonomy""]"	BVBRC	no example needed			
ncbi_suborder	NCBI Suborder	A 'suborder' is a rank in the taxonomic hierarchy into which a virus sequence can be classified. Defined by the NCBI.	text	"[""PHD"", ""Taxonomy"", ""Virus Taxonomy"", ""NCBI Taxonomy""]"	NCBI Taxonomy	no example needed			
ncbi_family	NCBI Family	A 'Family' is a rank in the taxonomic hierarchy into which a virus sequence can be classified. Defined by the NCBI.	text	"[""NCBI Virus"", ""BV-BRC"", ""PHD"", ""Taxonomy"", ""Virus Taxonomy"", ""NCBI Taxonomy""]"	NCBI Virus|BVBRC	Taxonomy Descision; no example needed			
ncbi_subfamily	NCBI Subfamily	A 'Subfamily' is a rank in the taxonomic hierarchy into which a virus sequence can be classified. Defined by the NCBI.	text	"[""PHD"", ""Taxonomy"", ""Virus Taxonomy"", ""NCBI Taxonomy""]"	NCBI Taxonomy	no example needed			
ncbi_genus	NCBI Genus	A 'Genus' is a rank in the taxonomic hierarchy into which virus a sequence can be classified. Defined by the NCBI.	text	"[""NCBI Virus"", ""BV-BRC"", ""PHD"", ""Taxonomy"", ""Virus Taxonomy"", ""NCBI Taxonomy""]"	NCBI Virus|BVBRC	Taxonomy Descision; no example needed			
ncbi_subgenus	NCBI Subgenus	A 'Subgenus' is a rank in the taxonomic hierarchy into which a virus sequence can be classified. Defined by the NCBI.	text	"[""PHD"", ""Taxonomy"", ""Virus Taxonomy"", ""NCBI Taxonomy""]"	NCBI 	no example needed			
ncbi_species	NCBI Species	A Species is the lowest taxonomic rank in the hierarchy approved by the NCBI. While subspecies levels of classification may exist for some viruses (e.g. Hepatitis C virus), the NCBI does not classify viruses below the species level. Defined by the NCBI.	text	"[""ENA"", ""NCBI Virus"", ""BV-BRC"", ""PHD"", ""Taxonomy"", ""Virus Taxonomy"", ""NCBI Taxonomy""]"	NCBI Virus|BVBRC	NCBI Virus has only the virus species in this field, Taxonomy Descision; no example needed			
genotype	Genotype	"The genotype or subtype of a virus sequence, as provided by the sequence submitter. This field comes from the ""/serotype"" field of the GenBank record and is shown as submitted. Consistency and accuracy may vary."	text	"[""MIGS-VI"", ""NCBI Virus"", ""Sample"", ""Virus Info""]"	NCBI Virus	Is sample needed at all? Do we relate everything to the sequence/the virus  -> Variant, Taxonomy Decision: Variant or NCBI/ICTV Variant; no example needed			
isolate	Isolate	Name of the virus isolate associated with the sample from which the virus sequence was obtained.	text	"[""ENA"", ""NCBI Virus"", ""ENA ERC32"", ""ENA ERC33"", ""Sample"", ""ENA Sample"", ""VJDB Sample"", ""Virus Info""]"	NCBI Virus	Taxonomy Descision; not sure			
host_age	Host Age	"Host age number only from ""BVBRC Host Age"". Caution: not yet standardized by unit!"	integer	"[""ENA"", ""BV-BRC"", ""ENA ERC32"", ""ENA ERC33"", ""Host"", ""ENA Sample"", ""VJDB Sample"", ""Clinical""]"	BVBRC	Seperation of values good for submission, display should be in one, needs curation from ENA values, seperate Fields for submission?; 		37 years	
ncbi_lineage_ids	NCBI Lineage IDs	NCBI TaxIDs assigned to the virus sequence, from BVBRC.	integer	"[""BV-BRC"", ""Taxonomy"", ""Identifiers"", ""NCBI Taxonomy""]"	BVBRC	no example needed	add|we will add NCBI Tax Names from the NCBI Taxonomy DB later		
ncbi_lineage_names	NCBI Lineage Names	Aggregation of the NCBI Taxonomy Names associated with the virus sequence.	keyword	"[""BV-BRC"", ""Taxonomy"", ""Virus Info"", ""NCBI Taxonomy""]"	BVBRC	no example needed			
ictv_lineage_names	ICTV Lineage Names	Aggregation of the ICTV Taxonomy Names associated with the virus sequence.	keyword	"[""Taxonomy"", ""Virus Info"", ""ICTV Taxonomy""]"	VJDB	no example needed			
ictv_exemplar	ICTV Exemplar	Flag indicating yes if the sequence is an exemplar of the species in the ICTV Taxonomy.	boolean	"[""Source"", ""Flags""]"	ICTV	no example needed			
ictv_host_group	ICTV Host Group	The ICTV Host source field content to be combined with other host group data from the other sources.	text	"[""Host"", ""Host Info""]"	ICTV				Host source
bv_brc_host_age	BV-BRC Host Age	Host Age and Unit from BV-BRC.	keyword	"[""BV-BRC"", ""Host"", ""Clinical""]"	BVBRC	Seperation of values good for submission, display should be in one, needs curation from ENA values, seperate Fields for submission?			
host_gtdb_species_name	Host GTDB Species Name	References the Host GTDB Species Name to which the NCBI host taxonomy ID of the virus sequence could be mapped. See the mapping file on the Datasets page.	text	"[""IMG/VR"", ""PHD"", ""PhiSpy"", ""GTDB"", ""Host"", ""Host Taxonomy"", ""GTDB Taxonomy""]"	IMG/VR|PhiSpy|PhD				
unique_representative	Unique Representative	Flag indicating yes if the sequence is a representative for a group of identical VirJenDB sequences.	boolean	"[""Analysis"", ""Flags""]"	VJDB				
unique_reference	Unique Reference	The VirJenDB ID for the unique representative sequence. For the non-phages, the smallest Accession in the group. See documentation for selection details.	keyword	"[""Internal"", ""Analysis"", ""Workflows""]"	VJDB				
cluster_representative	Cluster Representative	Flag indicating yes if the sequence is a representative sequence of a group of sequences, computed by VClust. See documentation for selection details.	boolean	"[""Analysis"", ""Flags""]"	VJDB				
cluster_reference	Cluster Reference	The VirJenDB ID of the representative of its cluster. See documentation for selection details.	keyword	"[""Analysis""]"	VJDB				
predicted_method	Predicted Method	The tool used to predict the virus sequence. No value means that it is not a predicted virus sequence. 	text	"[""Analysis"", ""Workflows""]"	IMG/VR|PhiSpy|PhD				
host_accession	Host Accession	Host Accession from NCBI GenBank that refers to the host sequence from which the prophage was predicted.	keyword	"[""IMG/VR"", ""PhiSpy"", ""Host"", ""Identifiers""]"	VJDB				
host_bioproject_accession	Host BioProject Accession	References the BioProject Accession associated with the host sequence.	keyword	"[""IMG/VR"", ""PhiSpy"", ""Host"", ""Identifiers""]"	IMG/VR|PhiSpy|PhD				
host_biosample_accession	Host Biosample Accession	References the BioSample Accession associated with the host sequence.	keyword	"[""IMG/VR"", ""PhiSpy"", ""Host"", ""Identifiers""]"	IMG/VR|PhiSpy|PhD				
host_country	Host Country	Country or sea area origin of the sample from which the host sequence originates.	text	"[""IMG/VR"", ""PhiSpy"", ""Host"", ""Collection""]"	IMG/VR|PhiSpy|PhD			Germany	
host_collection_date	Host Collection Date	Date of collection of the sample from which the host sequence originates.	date	"[""IMG/VR"", ""PhiSpy"", ""Host"", ""Collection""]"	IMG/VR|PhiSpy|PhD			2023-05-23	
host_imgm_taxon_oid	Host IMGM Taxon OID	Associated Host IMGM Taxon OID from which the virus sequence was extracted by IMG/VR.	keyword	"[""IMG/VR"", ""Host"", ""Identifiers""]"	IMG/VR|PhiSpy|PhD				
host_average_sequence_depth	Host Average Sequence Depth	Average sequencing depth across the host sequence. Multiple host associations/predictions separated by semicolons. 	float	"[""IMG/VR"", ""PhiSpy"", ""Host"", ""Workflows""]"	IMG/VR|PhiSpy|PhD			12.0x	
host_sequencing_platform	Host Sequencing Platform	Instrument or sequencing platform used for host sequencing. Multiple host associations/predictions separated by semicolons. 	text	"[""IMG/VR"", ""PhiSpy"", ""Workflows"", ""Host""]"	IMG/VR|PhiSpy|PhD			CAPILLARY	
host_association_method	Host Association Method	"Method by which the fields ""Host Accession ID"" from NCBI GenBank or ""NCBI Taxonomy Lineage"" was associated to the virus sequence. Currently (v1.0) either a host association from the data source or PhiSpy prophage prediction. Multiple host associations/predictions separated by semicolons. "	text	"[""IMG/VR"", ""PhiSpy"", ""Workflows"", ""Host""]"	VJDB				
ncbi_clade	NCBI Clade	"Sub-species designation of the virus sequence, from NCBI GenBank field ""clade""."	text	"[""Sample"", ""Taxonomy"", ""NCBI Taxonomy""]"	NCBI Taxonomy				
ncbi_genotype	NCBI Genotype	"Sub-species designation of the virus sequence, from NCBI GenBank field ""genotype""."	text	"[""Sample"", ""Taxonomy"", ""NCBI Taxonomy""]"	NCBI Taxonomy				
ncbi_serotype	NCBI Serotype	"Sub-species designation of the virus sequence, from NCBI GenBank field ""serotype""."	text	"[""Sample"", ""Taxonomy"", ""NCBI Taxonomy""]"	NCBI Taxonomy				
ncbi_isolate	NCBI Isolate	"Sub-species designation of the virus sequence, from NCBI GenBank field ""isolate""."	text	"[""Sample"", ""Taxonomy"", ""NCBI Taxonomy""]"	NCBI Taxonomy				
