vjdbv1.0_field_id	vjdbv1.0_name	vjdbv1.0_description	vjdbv1.0_fields_type	rki_field_id	migs-vi_field_id	migs-uvig_field_id	ncbi_virus_n_nucleotide_field_id	bv-brc_b_field_name	ena_erc32_field_name	ena_erc33_field_name	img/vr_field_name	phd_field_name	phispy_field_name	gtdb_field_name	vjdbv1.0_tags	vjdbv1.0_input_source	vjdbv1.0_notes	vjdbv1.0_changes	ncbi_virus_n_field_description	ncbi_virus_n_type	ncbi_virus_n_curation_notes	bv-brc_b_category	bv-brc_b_schema_category	bv-brc_b_field_id	bv-brc_b_field_type	bv-brc_b_type	bv-brc_b_curation_notes	ena_erc32_field_description	ena_erc32_controlled_vocabulary	ena_erc32_field_type	ena_erc33_field_description	ena_erc33_controlled_vocabulary	ena_erc33_field_type	vjdb_example	ictv40_i_field_name
genbank_title	GenBank Title	Genbank title of the sequence.	keyword				GenBank_Title								"[""NCBI Virus"", ""Sample"", ""Sequence""]"	NCBI Virus	no example needed		The title of the GenBank record associated with the sequence.																
city	City	City where the sample the sequence originates from was collected or sampled.	keyword				Geo_Location								"[""ENA"", ""NCBI Virus"", ""Sample"", ""Collection""]"	NCBI Virus			"The geographic location where the virus was isolated. NCBI Virus relies solely on the information provided by submitters, which may sometimes mistakenly identify regions where sequences were processed instead of the actual collection locations. The granularity of the information displayed in the column depends on the submitter. For example, it can be ""Australia: Heron Island, Great Barrier Reef"", or just ""China"". The country and other geographic location names are based on the INSDC Geographic Location list."		split Geo_Location and compare to collection_country , ingest to collection_region and collection_city													Jena	
genome_completeness_percentage	Genome Completeness Percentage	The level of the sequence completeness compare to the representative sequence in refseq in percentage	float												"[""Sample"", ""Workflows""]"																				
ncbi_usa	NCBI USA	State/Region where the sample the sequence originates from was collected/sampled.	keyword				USA								"[""NCBI Virus"", ""Sample"", ""Collection""]"	NCBI Virus	This is defined different from the duplicate below. Meaning for submission Tool was to have a geographical level higher than countries (continents). We keep it (mostly redundant), might be useful for later curation; 	collection_region	The name of US state, if sample was collected in USA.		concatenate to collection_region													NY; FL	
analysis_accession	Analysis Accession	ENA analysis object Accession.	keyword												"[""ENA"", ""Organizational"", ""ENA Analysis"", ""VJDB Analysis"", ""Identifiers""]"		no example needed	keep internally																	
collecting_organization	Collecting Organization	Name of the institution/affiliation to which the person collecting the sample belongs	keyword						collecting institution	collecting institution					"[""ENA"", ""ENA ERC32"", ""ENA ERC33"", ""Sample"", ""ENA Sample"", ""VJDB Sample"", ""Collection""]"		conform with submitter organization; not sure	keep internally										(Mandatory) Name of the institution to which the person collecting the specimen belongs. format: institute name, institute address			(Mandatory) Name of the institution to which the person collecting the specimen belongs. format: institute name, institute address		TEXT_AREA_FIELD		
host_health_state	Host Health State	Health state of the host at the time of sample collection, e.g. diseased or healthy	keyword						host health state	host health state					"[""ENA"", ""ENA ERC32"", ""ENA ERC33"", ""Host"", ""ENA Sample"", ""VJDB Sample"", ""Collection""]"			keep internally										(Mandatory) Health status of the host at the time of sample collection.			(Mandatory) Health status of the host at the time of sample collection.		TEXT_CHOICE_FIELD	diseased; healthy	
latitude	Latitude	The geographic location by latitude, where the sample the sequence originates from was collected/sampled. (DD)	geo_point		lat_lon				geographic location (latitude)	geographic location (latitude)					"[""ENA"", ""MIGS-VI"", ""ENA ERC32"", ""ENA ERC33"", ""Sample"", ""ENA Sample"", ""VJDB Sample"", ""Collection""]"			keep internally										(Recommended) The geographical origin of the sample as defined by latitude. the values should be reported in decimal degrees and in wgs84 system (Units: DD)			"(Recommended) The geographical origin of the sample as defined by latitude. the values should be reported in decimal degrees and in wgs84 system Units: 
"		TEXT_FIELD	-18.54; 68.277	
longitude	Longitude	The geographic location by longitude, where the sample the sequence originates from was collected/sampled. (DD)	geo_point		lat_lon				geographic location (longitude)	geographic location (longitude)					"[""ENA"", ""MIGS-VI"", ""ENA ERC32"", ""ENA ERC33"", ""Sample"", ""ENA Sample"", ""VJDB Sample"", ""Collection""]"			keep internally										(Recommended) The geographical origin of the sample as defined by longitude. the values should be reported in decimal degrees and in wgs84 system (Units: DD)			"(Recommended) The geographical origin of the sample as defined by longitude. the values should be reported in decimal degrees and in wgs84 system Units: 
"		TEXT_FIELD	-102.35; 22.6	
collection_region	Collection Region	Continent where the sample the sequence originates from was collected/sampled.	keyword												"[""Sample"", ""Collection""]"	no source	Region unclear -> Check again where it came from, recheck naming and vocabulary, INSDC country list contains the oceans; Name suggestions macroregion or georegion; no direct source but constructable (group countries into clusters); 	remove																Asia	
collection_source_environment	Collection Source Environment	Describes the physical, environmental or local geographical source of the sample, e.g. soil	keyword		env_medium? more or less				isolation source non-host-associated	isolation source non-host-associated					"[""ENA"", ""MIGS-VI"", ""ENA ERC32"", ""ENA ERC33"", ""Sample"", ""ENA Sample"", ""VJDB Sample"", ""Collection""]"		as it is, for revision with data; not sure	collection_source_non-host_associated			split Tissue_Specimen_Source to collection_source_environment and collection_source_host_tissue							(Recommended) Describes the physical, environmental and/or local geographical source of the biological sample from which the sample was derived. example: soil			(Recommended) Describes the physical, environmental and/or local geographical source of the biological sample from which the sample was derived. example: soil		TEXT_FIELD		
collector_name	Collector Name	Name of the person that collected the sample	keyword						collector name	collector name					"[""ENA"", ""ENA ERC32"", ""ENA ERC33"", ""Sample"", ""ENA Sample"", ""VJDB Sample"", ""Collection""]"			keep internally										(Mandatory) Name of the person who collected the specimen. example: john smith			(Mandatory) Name of the person who collected the specimen. example: john smith		TEXT_AREA_FIELD	Zuckerman,N.	
cutoff_for_seropositive_sample	Cutoff for Seropositive Sample	The cuttoff used to determine if the sample is seropositive.	float						definition for seropositive sample	definition for seropositive sample					"[""ENA"", ""ENA ERC32"", ""ENA ERC33"", ""Sample"", ""ENA Sample"", ""VJDB Sample"", ""Clinical""]"		not sure	keep internally										(Recommended) The cut off value used by an investigatior in determining that a sample was seropositive.			(Recommended) The cut off value used by an investigatior in determining that a sample was seropositive.		TEXT_FIELD		
experiment_accession	Experiment Accession	References an ENA assembly to an ENA Experiment.	keyword												"[""ENA"", ""Organizational"", ""Identifiers""]"		no example needed	keep internally																	
host_behaviour	Host Behaviour	Natural behaviour of the sampled host.	keyword						host behaviour	host behaviour					"[""ENA"", ""ENA ERC32"", ""ENA ERC33"", ""Host"", ""ENA Sample"", ""VJDB Sample"", ""Clinical""]"			keep internally										(Recommended) Natural behaviour of the host.			(Recommended) Natural behaviour of the host.		TEXT_CHOICE_FIELD	domestic; wild	
host_disease	Host Disease	The hosts main disease diagnosis.	keyword												"[""Host"", ""Clinical""]"		not sure	keep internally																	
host_disease_outcome	Host Disease Outcome	The hosts disease outcome. Did the host recover from the disease?	keyword						host disease outcome	host disease outcome					"[""ENA"", ""ENA ERC32"", ""ENA ERC33"", ""Host"", ""ENA Sample"", ""VJDB Sample"", ""Clinical""]"			keep internally										(Recommended) Disease outcome in the host.			(Recommended) Disease outcome in the host.		TEXT_CHOICE_FIELD	recovered; dead	
host_disease_symptoms	Host Disease Symptoms	The symptoms that have been reported in relation to the illness, such as cough, diarrhea, fever, headache, malaise, myalgia, nausea, runny_nose, shortness_of_breath, sore_throat. If multiple exposures are applicable, please state them separated by semicolon.	keyword												"[""ENA"", ""Host"", ""Clinical""]"			keep internally																fever; headache; runny_nose	
host_habitat	Host Habitat	Natural habitat of the avian or mammalian host	keyword						host habitat	host habitat					"[""ENA"", ""ENA ERC32"", ""ENA ERC33"", ""Host"", ""ENA Sample"", ""VJDB Sample"", ""Collection""]"			keep internally										(Recommended) Natural habitat of the avian or mammalian host.			(Recommended) Natural habitat of the avian or mammalian host.		TEXT_CHOICE_FIELD	domestic:free-range farm; wild:resident	
host_subject_id	Host Subject ID	The unique ID of the sampled host from the BV-BRC.	keyword						host subject id	host subject id					"[""ENA"", ""ENA ERC32"", ""ENA ERC33"", ""Host"", ""ENA Sample"", ""VJDB Sample"", ""Clinical ""]"		not sure	keep internally										(Mandatory) A unique identifier by which each subject can be referred to, de-identified, e.g. #131			(Mandatory) A unique identifier by which each subject can be referred to, de-identified, e.g. #131		TEXT_FIELD		
influenza_test_method	Influenza Test Method	Method used to assess if a sample is flu positive/negative. Multiple methods are seperated by semicolon(s).	keyword						influenza test method						"[""ENA"", ""ENA ERC32"", ""Sample"", ""ENA Sample"", ""VJDB Sample"", ""Clinical ""]"			keep internally										(Mandatory) Method by which the current assessment of a sample as flu positive/negative is made. if multiple test were performed, please state them separated by semicolon. example: rt-pcr; antigen elisa						"""RT-PCR; antigen ELISA"""	
influenza_test_result	Influenza Test Result	Result of the given methods. Positive(P) or Negative(N). For multiple test the results are delimited by semicolon, e.g. P; P.	keyword						influenza test result						"[""ENA"", ""ENA ERC32"", ""Sample"", ""ENA Sample"", ""VJDB Sample"", ""Clinical ""]"			keep internally										(Mandatory) Classification of a sample as flu positive or negative based on the test performed and reported. if multiple tests were performed, please state the results in the same order in which you reported the tests in the field 'influenza test method'. format: p(ositive)/n(egative). example: p; p						"""P;P""; ""N""; ""N;P"""	
influenza_virus_type	Influenza Virus Type	Influenza virus type classification: A, B or C.	keyword						influenza virus type						"[""ENA"", ""ENA ERC32"", ""Sample"", ""ENA Sample"", ""VJDB Sample"", ""Clinical ""]"			keep internally										(Recommended) One of the three influenza virus classification types.						A; B; C	
other_pathogens_test_result	Other Pathogens Test Result	The test result for other tested pathogens given as described by influenza test result.	keyword						other pathogens test result						"[""ENA"", ""ENA ERC32"", ""Sample"", ""ENA Sample"", ""VJDB Sample"", ""Clinical ""]"			keep internally										(Mandatory) Classification of a sample as positive or negative based on the test performed and reported. if tests for multiple pathogenic organisms were performed, please state the results in the same order in which you reported the tests in the field 'other pathogens tested'. format: p(ositive)/n(egative)/not applicable. example: n						Newcastle; none	
other_pathogens_tested	Other Pathogens Tested	Was the sample tested for other pathogens? Insert the pathogenic organisms using semicolon as a delimiter, e.g. Newcastle. “None” is also valid.	keyword						other pathogens tested						"[""ENA"", ""ENA ERC32"", ""Sample"", ""ENA Sample"", ""VJDB Sample"", ""Clinical ""]"			keep internally										(Mandatory) Classification of pathogenic organisms other than influenza virus tested in the current assessment of a sample. if multiple tests were performed, please state them separated by semicolon. if no other pathogens test was performed, please state 'none'. example: newcastle						"""P;P""; N; ""N;not applicable"""	
pangolin_version	Pangolin Version	Pangolin version used to determine the lineage.	float	PANGOLIN. PANGOLIN_VERSION _LATEST											"[""RKI"", ""Analysis"", ""Workflows""]"			keep internally																	
receipt_date	Receipt Date	If the sample was only received and not collected provide the receipt date.	date						receipt date	receipt date					"[""ENA"", ""ENA ERC32"", ""ENA ERC33"", ""Sample"", ""ENA Sample"", ""VJDB Sample"", ""Clinical ""]"			keep internally										(Recommended) Date on which the sample was received. format:yyyy-mm-dd. please provide the highest precision possible. if the sample was received by the institution and not collected, the 'receipt date' must be provided instead. either the 'collection date' or 'receipt date' must be provided. if available, provide both dates.			(Recommended) Date on which the sample was received. format:yyyy-mm-dd. please provide the highest precision possible. if the sample was received by the institution and not collected, the 'receipt date' must be provided instead. either the 'collection date' or 'receipt date' must be provided. if available, provide both dates.		TEXT_FIELD	2023-05-20	
rki_accession	RKI Accession	RKI Accession of the virus sequence.	keyword	SEQUENCE.ID											"[""RKI"", ""Organizational"", ""Identifiers""]"		no example needed	remove																	
run_accession	Run Accession	References a ENA assembly to an ENA Run object.	keyword												"[""ENA"", ""Organizational"", ""Identifiers""]"		no example needed	keep internally																	
serotype	Serotype	Serological variety of a species characterised by its antigenic properties, e.g. H1N1.	keyword		subspecf_gen_lin; broad field				serotype (required for a seropositive sample)	serotype (required for a seropositive sample)					"[""ENA"", ""MIGS-VI"", ""ENA ERC32"", ""ENA ERC33"", ""Sample"", ""ENA Sample"", ""VJDB Sample"", ""Clinical""]"		NCBI Virus has genotype, which includes Serotype, otherwise we have no valid informational source -> internal for now; 	keep internally										(Recommended) Serological variety of a species characterised by its antigenic properties. for influenza, ha subtype should be the letter h followed by a number between 1-16 unless novel subtype is identified and the na subtype should be the letter n followed by a number between 1-9 unless novel subtype is identified. if only one of the subtypes have been tested then use the format h5nx or hxn1. example: h1n1			(Recommended) Serological variety of a species characterised by its antigenic properties. for influenza, ha subtype should be the letter h followed by a number between 1-16 unless novel subtype is identified and the na subtype should be the letter n followed by a number between 1-9 unless novel subtype is identified. if only one of the subtypes have been tested then use the format h5nx or hxn1. example: h1n1		TEXT_FIELD	H1N1	
abbreviation	Abbreviation	Common abbreviations of the virus species name.	keyword												"[""Sample"", ""Virus Info"", ""ICTV Taxonomy""]"	ICTV		tbd																HPV	Virus name abbreviation(s)
sample_species_tax_id	Sample Species Tax ID	Temporary NCBI Tax ID used for mapping the taxonomy tree to the metadata table.	keyword												"[""Sample"", ""Identifiers"", ""NCBI Taxonomy""]"	NCBI Taxonomy	No mapping, seems to  be NCBI Tax ID; not sure	tbd																	
sequence_name	Sequence Name	Generic name of the sequence (Name of the entry).	keyword		assembly_name			Genome Name							"[""MIGS-VI"", ""BV-BRC"", ""Analysis"", ""Workflows""]"	BVBRC	no example needed	change to BVBRC_genome_name				General Info		genome_name	string_ci		change name; keep private; compare to Organism Name from NCBI Virus								
publication_doi	Publication DOI	The DOI of the publication associated with the sequence.	keyword		associated_resource										"[""MIGS-VI"", ""Organizational"", ""Identifiers""]"	no source	needs curation before public; 	remove																10.1000/182	
pubmed_accession	Pubmed Accession	The PubMed ID of publication associated with the sequence.	keyword		associated_resource			Publication							"[""MIGS-VI"", ""BV-BRC"", ""Organizational"", ""Identifiers""]"	BVBRC	needs curation before public; no example needed					DB Cross Reference		publication	string		multiple; to curate (compare with the number of pubs with ncbi virus)								
update_date	Update Date	Last update date of the sequence in BVBRC (whole entry).	date					Date Modified							"[""BV-BRC"", ""Organizational"", ""Workflows""]"	BVBRC		update definition: last update date of the record in bvbrc)				Additional Info		date_modified	pdate									2023-05-20	
insert_size	Insert Size	Insert size for paired reads.	integer						insert_size	insert_size					"[""ENA"", ""ENA ERC32"", ""ENA ERC33"", ""Analysis"", ""ENA Experiment"", ""VJDB Experiment"", ""Workflows""]"		not sure	keep internally										(Optional) Insert size for paired reads			(Optional) Insert size for paired reads		TEXT_FIELD		
instrument	Instrument	Instrument model used for sequencing.	keyword		seq_meth				instrument_model	instrument_model					"[""ENA"", ""MIGS-VI"", ""ENA ERC32"", ""ENA ERC33"", ""Analysis"", ""ENA Experiment"", ""VJDB Experiment"", ""Workflows""]"			keep internally										(Mandatory) Model of the sequencing instrument.			(Mandatory) Model of the sequencing instrument.		TEXT_CHOICE_FIELD	AB 310 Genetic Analyzer	
library_construction_protocol	Library Construction Protocol	The protocol used to construct the sequencing library.	keyword						library_construction_protocol	library_construction_protocol					"[""ENA"", ""ENA ERC32"", ""ENA ERC33"", ""Analysis"", ""ENA Experiment"", ""VJDB Experiment"", ""Workflows""]"		not sure	keep internally										(Optional) Free form text describing the protocol by which the sequencing library was constructed.			(Optional) Free form text describing the protocol by which the sequencing library was constructed.		TEXT_FIELD		
library_description	Library Description	The design of the sequencing library including details of how it was constructed.	keyword						design_description	design_description					"[""ENA"", ""ENA ERC32"", ""ENA ERC33"", ""Analysis"", ""ENA Experiment"", ""VJDB Experiment"", ""Workflows""]"		not sure	keep internally										(Mandatory) Goal and setup of the individual library including library was constructed.			(Optional) Goal and setup of the individual library including library was constructed.		TEXT_AREA_FIELD		
library_layout	Library Layout	The sequencing library layout specifies whether to expect single or paired configuration of reads.	keyword		lib_layout				library_layout	library_layout					"[""ENA"", ""MIGS-VI"", ""ENA ERC32"", ""ENA ERC33"", ""Analysis"", ""ENA Experiment"", ""VJDB Experiment"", ""Workflows""]"			keep internally										(Mandatory) Library_layout specifies whether to expect single, paired, or other configuration of reads. in the case of paired reads, information about the relative distance and orientation is specified.			(Mandatory) Library_layout specifies whether to expect single, paired, or other configuration of reads. in the case of paired reads, information about the relative distance and orientation is specified.		TEXT_FIELD	SINGLE	
library_name	Library Name	The name for the sequencing library if any.	keyword						library_name	library_name					"[""ENA"", ""ENA ERC32"", ""ENA ERC33"", ""Analysis"", ""ENA Experiment"", ""VJDB Experiment"", ""Workflows""]"			keep internally										(Optional) The submitter's name for this library.			(Optional) The submitter's name for this library.		TEXT_FIELD	1111898265709	
library_selection	Library Selection	The method used to select for or against, enrich, or screen the material being sequenced.	keyword		lib_screen				library_selection	library_selection					"[""ENA"", ""MIGS-VI"", ""ENA ERC32"", ""ENA ERC33"", ""Analysis"", ""ENA Experiment"", ""VJDB Experiment"", ""Workflows""]"			keep internally										(Mandatory) Method used to enrich the target in the sequence library preparation			(Mandatory) Method used to enrich the target in the sequence library preparation		TEXT_CHOICE_FIELD	unspecified; RANDOM	
library_source	Library Source	The library source specifies the type of source material that is being sequenced.	keyword						library_source	library_source					"[""ENA"", ""ENA ERC32"", ""ENA ERC33"", ""Analysis"", ""ENA Experiment"", ""VJDB Experiment"", ""Workflows""]"			keep internally										(Mandatory) The library_source specifies the type of source material that is being sequenced.			(Mandatory) The library_source specifies the type of source material that is being sequenced.		TEXT_CHOICE_FIELD	VIRAL RNA	
library_strategy	Library Strategy	The sequencing technique intended for this sequencing library.	keyword						library_strategy	library_strategy					"[""ENA"", ""ENA ERC32"", ""ENA ERC33"", ""Analysis"", ""ENA Experiment"", ""VJDB Experiment"", ""Workflows""]"			keep internally										(Mandatory) Sequencing technique intended for this library.			(Mandatory) Sequencing technique intended for this library.		TEXT_CHOICE_FIELD	AMPLICON	
virus_id	Virus ID	Unique ID given by the investigator as strain might not be unique.	keyword	SEQUENCE. SEQUENCING_ LAB_SAMPLE_ID maybe					virus identifier	virus identifier					"[""ENA"", ""RKI"", ""ENA ERC32"", ""ENA ERC33"", ""Sample"", ""ENA Sample"", ""VJDB Sample"", ""Clinical ""]"		not sure	keep internally										(Recommended) Unique laboratory identifier assigned to the virus by the investigator. strain name is not sufficient since it might not be unique due to various passsages of the same virus. format: up to 50 alphanumeric characters			(Recommended) Unique laboratory identifier assigned to the virus by the investigator. strain name is not sufficient since it might not be unique due to various passsages of the same virus. format: up to 50 alphanumeric characters		TEXT_FIELD		
antiviral_treatment	Antiviral Treatment	Antiviral treatment used for this subject, such as zanamavir oseltamivir, amantadine.	keyword						antiviral treatment						"[""ENA ERC32"", ""Host"", ""ENA Sample"", ""VJDB Sample"", ""Clinical ""]"													(Optional) Antiviral treatment used for this subject, such as zanamavir oseltamivir, amantadine. example: rimantadine						rimantadine; amantadine	
antiviral_treatment_dosage	Antiviral Treatment Dosage	Dosage of the treatment taken by the subject. example: 0.05 mg.	keyword						antiviral treatment dosage						"[""ENA ERC32"", ""Host"", ""ENA Sample"", ""VJDB Sample"", ""Clinical ""]"													(Optional) Dosage of the treatment taken by the subject. example: 0.05 mg						0.05 mg	
antiviral_treatment_duration	Antiviral Treatment Duration	Duration of antiviral treatment after onset of clinical symptoms in days.example: 5.	keyword						antiviral treatment duration						"[""ENA ERC32"", ""Host"", ""ENA Sample"", ""VJDB Sample"", ""Clinical ""]"													(Optional) Duration of antiviral treatment after onset of clinical symptoms in days.example: 5						5	
antiviral_treatment_initiation	Antiviral Treatment Initiation	Initiation of antiviral treatment after onset of clinical symptoms in days. example: 2.5.	keyword						antiviral treatment initiation						"[""ENA ERC32"", ""Host"", ""ENA Sample"", ""VJDB Sample"", ""Clinical ""]"													(Optional) Initiation of antiviral treatment after onset of clinical symptoms in days. example: 2.5						2.5	
gravidity	Gravidity	Whether or not the subject is gravid. if so, report date due or date post-conception and specify which of these two dates is being reported.	keyword						gravidity	gravidity					"[""ENA ERC32"", ""ENA ERC33"", ""Sample"", ""ENA Sample"", ""VJDB Sample"", ""Clinical ""]"													(Optional) Whether or not the subject is gravid. if so, report date due or date post-conception and specify which of these two dates is being reported.			(Optional) Whether or not the subject is gravid. if so, report date due or date post-conception and specify which of these two dates is being reported.		TEXT_FIELD	no: yes, post-conception date 2020-05-07	
hospitalisation	Hospitalisation	Was the subject confined to a hospital as a result of virus infection or problems occurring secondary to virus infection?	keyword						hospitalisation	hospitalisation					"[""ENA ERC32"", ""ENA ERC33"", ""Sample"", ""ENA Sample"", ""VJDB Sample"", ""Clinical ""]"													(Optional) Was the subject confined to a hospital as a result of virus infection or problems occurring secondary to virus infection?			(Optional) Was the subject confined to a hospital as a result of virus infection or problems occurring secondary to virus infection?		TEXT_CHOICE_FIELD	yes; no	
host_description	Host Description	Other descriptive information relating to the host.	keyword						host description	host description					"[""ENA ERC32"", ""ENA ERC33"", ""Host"", ""ENA Sample"", ""VJDB Sample"", ""Clinical ""]"		no example needed											(Optional) Other descriptive information relating to the host.			(Optional) Other descriptive information relating to the host.		TEXT_FIELD		
illness_duration	Illness Duration	The number of days the illness lasted. example: 4	keyword						illness duration	illness duration					"[""ENA ERC32"", ""ENA ERC33"", ""Host"", ""ENA Sample"", ""VJDB Sample"", ""Clinical ""]"													(Optional) The number of days the illness lasted. example: 4			(Optional) The number of days the illness lasted. example: 4		TEXT_FIELD	4	
illness_onset_date	Illness Onset Date	Date the subject showed an onset of symptoms. format: yyyy-mm-dd. example: 2011-10-20	date						illness onset date						"[""ENA ERC32"", ""Host"", ""ENA Sample"", ""VJDB Sample"", ""Clinical ""]"													(Optional) Date the subject showed an onset of symptoms. format: yyyy-mm-dd. example: 2011-10-20						2011-10-20	
illness_symptoms	Illness Symptoms	The symptoms that have been reported in relation to the illness, such as cough, diarrhea, fever, headache, malaise, myalgia, nausea, runny_nose, shortness_of_breath, sore_throat. if multiple exposures are applicable, please state them separated by semicolon.	keyword						illness symptoms	illness symptoms					"[""ENA ERC32"", ""ENA ERC33"", ""Host"", ""ENA Sample"", ""VJDB Sample"", ""Clinical ""]"													(Optional) The symptoms that have been reported in relation to the illness, such as cough, diarrhea, fever, headache, malaise, myalgia, nausea, runny_nose, shortness_of_breath, sore_throat. if multiple exposures are applicable, please state them separated by semicolon.			(Optional) The symptoms that have been reported in relation to the illness, such as cough, diarrhea, fever, headache, malaise, myalgia, nausea, runny_nose, shortness_of_breath, sore_throat. if multiple exposures are applicable, please state them separated by semicolon.		TEXT_AREA_FIELD	fever; headache; malaise; myalgia; nausea; runny_nose	
influenza_strain_unique_number	Influenza Strain Unique Number	Unique number of the strain which is reported as a part of the influenza strain name, such as a/chicken/fujian/411/2002(hxn1). format: integer number, example: 411	keyword						influenza strain unique number						"[""ENA ERC32"", ""Sample"", ""ENA Sample"", ""VJDB Sample"", ""Clinical ""]"													(Optional) Unique number of the strain which is reported as a part of the influenza strain name, such as a/chicken/fujian/411/2002(hxn1). format: integer number, example: 411						411	
influenza_vaccination_date	Influenza Vaccination Date	Date that the influenza vaccination was administered to the subject over the past year. format: yyyy-mm-dd. example: 2007-05-12	date						influenza vaccination date						"[""ENA ERC32"", ""Sample"", ""ENA Sample"", ""VJDB Sample"", ""Clinical ""]"													(Optional) Date that the influenza vaccination was administered to the subject over the past year. format: yyyy-mm-dd. example: 2007-05-12						2007-05-12	
influenza_vaccination_type	Influenza Vaccination Type	Influenza vaccinations that have been administered to the subject over the last year. example: 2009 h1n1 flumist	keyword						influenza vaccination type						"[""ENA ERC32"", ""Sample"", ""ENA Sample"", ""VJDB Sample"", ""Clinical ""]"													(Optional) Influenza vaccinations that have been administered to the subject over the last year. example: 2009 h1n1 flumist						2009 h1n1 flumist	
influenza_like_illness_at_the_time_of_sample_collection	Influenza-like Illness at the Time of Sample Collection	Is the subject at the time of sample collection considered to have influenza like illness?	keyword						influenza-like illness at the time of sample collection						"[""ENA ERC32"", ""Sample"", ""ENA Sample"", ""VJDB Sample"", ""Clinical ""]"													(Optional) Is the subject at the time of sample collection considered to have influenza like illness?						yes; no	
inoculation_dose	Inoculation Dose	Dose used for the inoculoation experiment.	keyword						inoculation dose						"[""ENA ERC32"", ""Sample"", ""ENA Sample"", ""VJDB Sample"", ""Clinical ""]"		not sure											(Optional) Dose used for the inoculoation experiment.							
inoculation_route	Inoculation Route	Brief description of the protocol inoculation route.	keyword						inoculation route						"[""ENA ERC32"", ""Sample"", ""ENA Sample"", ""VJDB Sample"", ""Clinical ""]"		not sure											(Optional) Brief description of the protocol inoculation route.							
inoculation_stock_availability	Inoculation Stock Availability	Is the virus stock used for the inoculation available?	keyword						inoculation stock availability						"[""ENA ERC32"", ""Sample"", ""ENA Sample"", ""VJDB Sample"", ""Clinical ""]"		not sure											(Optional) Is the virus stock used for the inoculation available?							
lineage_swl_required_for_h1n1_viruses	Lineage: SWL (Required for H1N1 Viruses)	Does the h1n1 influenza virus originate from a swine-like outbreak (as opposed to a seasonal flu)?	keyword						lineage:swl (required for H1N1 viruses)						"[""ENA ERC32"", ""Analysis"", ""ENA Sample"", ""VJDB Sample"", ""Clinical ""]"		not sure											(Optional) Does the h1n1 influenza virus originate from a swine-like outbreak (as opposed to a seasonal flu)?							
meaning_of_cut_off_value	Meaning of Cut Off Value	Description helping to explain what the cut off value means.	keyword						meaning of cut off value						"[""ENA ERC32"", ""Sample"", ""ENA Sample"", ""VJDB Sample"", ""Clinical ""]"		no example needed											(Optional) Description helping to explain what the cut off value means.							
number_of_inoculated_individuals	Number of Inoculated Individuals	Number of host individuals inoculated for the experiment.	keyword						number of inoculated individuals						"[""ENA ERC32"", ""Sample"", ""ENA Sample"", ""VJDB Sample"", ""Clinical ""]"													(Optional) Number of host individuals inoculated for the experiment.						5	
personal_protective_equipment	Personal Protective Equipment	Use of personal protective equipment, such as gloves, gowns, during any type of exposure. example: mask	keyword						personal protective equipment	personal protective equipment					"[""ENA ERC32"", ""ENA ERC33"", ""Sample"", ""ENA Sample"", ""VJDB Sample"", ""Clinical ""]"													(Optional) Use of personal protective equipment, such as gloves, gowns, during any type of exposure. example: mask			(Optional) Use of personal protective equipment, such as gloves, gowns, during any type of exposure. example: mask		TEXT_FIELD	mask	
sample_capture_status	Sample Capture Status	Reason for the sample collection.	keyword						sample capture status	sample capture status					"[""ENA ERC32"", ""ENA ERC33"", ""Sample"", ""ENA Sample"", ""VJDB Sample"", ""Clinical ""]"													(Recommended) Reason for the sample collection.			(Recommended) Reason for the sample collection.		TEXT_CHOICE_FIELD	active surveillance in response to outbreak; market sample	
sample_storage_conditions	Sample Storage Conditions	Conditions at which sample was stored, usually storage temperature, duration and location. in soil context: explain how and for how long the soil sample was stored before dna extraction (fresh/frozen/other).	keyword						sample storage conditions	sample storage conditions					"[""ENA ERC32"", ""ENA ERC33"", ""Sample"", ""ENA Sample"", ""VJDB Sample"", ""Clinical ""]"		not sure											(Optional) Conditions at which sample was stored, usually storage temperature, duration and location. in soil context: explain how and for how long the soil sample was stored before dna extraction (fresh/frozen/other).			(Optional) Conditions at which sample was stored, usually storage temperature, duration and location		TEXT_FIELD		
sample_description	Sample Description	Free-form text describing the sample, its origin, and its method of isolation.	keyword						sample_description	sample_description					"[""ENA ERC32"", ""ENA ERC33"", ""Sample"", ""ENA Sample"", ""VJDB Sample"", ""Clinical ""]"		no example needed											(Optional) Free-form text describing the sample, its origin, and its method of isolation.			(Optional) Free-form text describing the sample, its origin, and its method of isolation.		TEXT_AREA_FIELD		
source_of_vaccination_information	Source of Vaccination Information	Designation of information related to vaccination history as self reported or documented.	keyword						source of vaccination information						"[""ENA ERC32"", ""Sample"", ""ENA Sample"", ""VJDB Sample"", ""Clinical ""]"													(Optional) Designation of information related to vaccination history as self reported or documented.						decoumented; self reported	
study_description	Study Description	Briefly describes the goals, purpose, and scope of the study.  this need not be listed if it can be inherited from a referenced publication.	keyword						study_abstract	study_abstract					"[""ENA ERC32"", ""ENA ERC33"", ""Organizational"", ""ENA Study"", ""VJDB Study"", ""Study""]"		no example needed											(Optional) Briefly describes the goals, purpose, and scope of the study. this need not be listed if it can be inherited from a referenced publication.			(Optional) Briefly describes the goals, purpose, and scope of the study. this need not be listed if it can be inherited from a referenced publication.		TEXT_AREA_FIELD		
subject_exposure	Subject Exposure	Exposure of the subject to infected human or animals, such as poultry, wild bird or swine. If multiple exposures are applicable, these are separated by semicolon. Example: poultry;wild bird	keyword						subject exposure	subject exposure					"[""ENA ERC32"", ""ENA ERC33"", ""Sample"", ""ENA Sample"", ""VJDB Sample"", ""Clinical ""]"													(Optional) Exposure of the subject to infected human or animals, such as poultry, wild bird or swine. if multiple exposures are applicable, please state them separated by semicolon. example: poultry; wild bird			(Optional) Exposure of the subject to infected human or animals, such as poultry, wild bird or swine. if multiple exposures are applicable, please state them separated by semicolon. example: poultry; wild bird		TEXT_FIELD	poultry; wild  bird	
subject_exposure_duration	Subject Exposure Duration	Duration of the exposure of the subject to an infected human or animal. If multiple exposures are applicable, their duration is stated in the same order in which the exposure in the field was reported: 'subject exposure'. Example: 1 day; 0.33 days (Units: year)	keyword						subject exposure duration	subject exposure duration					"[""ENA ERC32"", ""ENA ERC33"", ""Sample"", ""ENA Sample"", ""VJDB Sample"", ""Clinical ""]"													(Optional) Duration of the exposure of the subject to an infected human or animal. if multiple exposures are applicable, please state their duration in the same order in which you reported the exposure in the field 'subject exposure'. example: 1 day; 0.33 days (Units: year)			(Optional) Duration of the exposure of the subject to an infected human or animal. if multiple exposures are applicable, please state their duration in the same order in which you reported the exposure in the field 'subject exposure'. example: 1 day; 0.33 days		TEXT_FIELD	1 day; 0.33 days 	
study_title	Study Title	Clear and useful title of the study/project, e.g. a title usable for a publication or the purpose of the project and its timeframe.	keyword						title	title					"[""ENA ERC32"", ""ENA ERC33"", ""Organizational"", ""ENA Study"", ""VJDB Study"", ""Study""]"		no example needed											(Mandatory) Title of the study as would be used in a publication.			(Mandatory) Title of the study as would be used in a publication.		TEXT_FIELD		
experiment_title	Experiment Title	Clear and useful title to identify the sequencing experiment. This title will not be submitted to the ENA on submission.	keyword						title	title					"[""ENA ERC32"", ""ENA ERC33"", ""Organizational"", ""ENA Experiment"", ""VJDB Experiment"", ""Study""]"		no example needed											(Mandatory) Short text that can be used to call out experiment records in searches or in displays. this element is technically optional but should be used for all new records.			(Optional) Short text that can be used to call out experiment records in searches or in displays. this element is technically optional but should be used for all new records.		TEXT_FIELD		
sample_title	Sample Title	Clear and useful title to identify the sample the sequence originates from was collected/sampled. This title will not be submitted to the ENA on submission.	keyword						title	title					"[""ENA ERC32"", ""ENA ERC33"", ""Organizational"", ""ENA Sample"", ""VJDB Sample"", ""Study""]"		no example needed											(Mandatory) Short text that can be used to call out sample records in search results or in displays.			(Mandatory) Short text that can be used to call out sample records in search results or in displays.		TEXT_FIELD		
type_exposure	Type Exposure	Setting within which the subject is exposed to animals, such as farm, slaughterhouse, food preparation. if multiple exposures are applicable, please state their type in the same order in which you reported the exposure in the field 'subject exposure'. example: backyard flock; confined animal feeding operation	keyword						type exposure	type exposure					"[""ENA ERC32"", ""ENA ERC33"", ""Sample"", ""ENA Sample"", ""VJDB Sample"", ""Clinical ""]"													(Optional) Setting within which the subject is exposed to animals, such as farm, slaughterhouse, food preparation. if multiple exposures are applicable, please state their type in the same order in which you reported the exposure in the field 'subject exposure'. example: backyard flock; confined animal feeding operation			(Optional) Setting within which the subject is exposed to animals, such as farm, slaughterhouse, food preparation. if multiple exposures are applicable, please state their type in the same order in which you reported the exposure in the field 'subject exposure'. example: backyard flock; confined animal feeding operation		TEXT_FIELD	backyard flock; confined animal feeding operation	
vaccine_dosage	Vaccine Dosage	Dosage of the vaccine taken by the host. example: 0.05 ml	keyword						vaccine dosage						"[""ENA ERC32"", ""Sample"", ""ENA Sample"", ""VJDB Sample"", ""Clinical ""]"													(Optional) Dosage of the vaccine taken by the subject. example: 0.05 ml						0.05 ml	
vaccine_lot_number	Vaccine Lot Number	Lot number of the vaccine.	keyword						vaccine lot number						"[""ENA ERC32"", ""Sample"", ""ENA Sample"", ""VJDB Sample"", ""Clinical ""]"		not sure											(Optional) Lot number of the vaccine.							
vaccine_manufacturer	Vaccine Manufacturer	Manufacturer of the vaccine.	keyword						vaccine manufacturer						"[""ENA ERC32"", ""Sample"", ""ENA Sample"", ""VJDB Sample"", ""Clinical ""]"		not sure											(Optional) Manufacturer of the vaccine.							
who_oie_fao_clade_required_for_hpai_h5n1_viruses	WHO/OIE/FAO Clade (Required for HPAI H5N1 Viruses)	WHO/OIE/FAO clade should be included for highly pathogenic h5n1 viruses. example: 2.2	keyword						WHO/OIE/FAO clade (required for HPAI H5N1 viruses)						"[""ENA ERC32"", ""Sample"", ""ENA Sample"", ""VJDB Sample"", ""Clinical ""]"													(Optional) Who/oie/fao clade should be included for highly pathogenic h5n1 viruses. example: 2.2						2.2	
virus_old_names	Virus Old Names	Collection of outdated names for a particular virus.	keyword												"[""Sample"", ""Clinical ""]"		no example needed																		
sequence_byte_range	Sequence Byte Range	Byte range data of the sample in the sequence file without the header	integer list												"[""Internal"", ""Workflows""]"		no example needed																		
sequence_path	Sequence Path	The file location of the multiseq fasta file including the parent folder name 	keyword												"[""Internal"", ""Workflows""]"		no example needed																		
insertion_date	Insertion Date	Date of the insertion into the VirJen database	date												"[""Internal"", ""Workflows""]"		no example needed																		
update_date	Update Date	The last date the metadata was updated in the VirJen database.	date												"[""Internal"", ""Workflows""]"																				
ictv_subrealm	ICTV Subrealm	A 'Subrealm' is a rank in the taxonomic hierarchy into which virus species can be classified. Defined by the ICTV.	keyword									ictv_subrealm			"[""PHD"", ""Taxonomy"", ""Virus Taxonomy"", ""ICTV Taxonomy""]"	ICTV	no example needed																		Subrealm
ictv_subkingdom	ICTV Subkingdom	A 'Subkingdom' is a rank in the taxonomic hierarchy into which virus species can be classified. Defined by the ICTV.	keyword									ictv_subkingdom			"[""PHD"", ""Taxonomy"", ""Virus Taxonomy"", ""ICTV Taxonomy""]"	ICTV	no example needed																		Subkingdom
ictv_subclass	ICTV Subclass	A 'Subclass' is a rank in the taxonomic hierarchy into which virus species can be classified. Defined by the ICTV.	keyword									ictv_subclass			"[""PHD"", ""Taxonomy"", ""Virus Taxonomy"", ""ICTV Taxonomy""]"	ICTV	no example needed																		Subclass
ncbi_subrealm	NCBI Subrealm	A 'Subrealm' is a rank in the taxonomic hierarchy into which virus species can be classified. Defined by the NCBI.	keyword									ncbi_subrealm			"[""PHD"", ""Taxonomy"", ""Virus Taxonomy"", ""NCBI Taxonomy""]"		no example needed																		
ncbi_subkingdom	NCBI Subkingdom	A 'Subkingdom' is a rank in the taxonomic hierarchy into which virus species can be classified. Defined by the NCBI.	keyword									ncbi_subkingdom			"[""PHD"", ""Taxonomy"", ""Virus Taxonomy"", ""NCBI Taxonomy""]"		no example needed																		
ncbi_subclass	NCBI Subclass	A 'Subclass' is a rank in the taxonomic hierarchy into which virus species can be classified. Defined by the NCBI.	keyword									ncbi_subclass			"[""PHD"", ""Taxonomy"", ""Virus Taxonomy"", ""NCBI Taxonomy""]"		no example needed																		
host_age_normalized	Host Age Normalized	Host Ages in a uniform unit, TBD	keyword												"[""Host"", ""Clinical ""]"	VJDB	Use for sorting by host age, and relevant for plotting; not sure																		
lab_passaged	Lab Passaged	Indicator that sequences came from samples from a laboratory setting, and not from a wild host.	keyword												"[""Sample"", ""Virus Info""]"	NCBI Virus	not sure																		
viralzone_page	ViralZone Page	There is one page in Viralzone associated to this Taxon ID.	boolean												"[""Source"", ""Flags""]"	ViralZone																			
ictv_id	ICTV ID	ICTV ID from Master_Species_List file	keyword												"[""Source"", ""Flags"", ""ICTV Taxonomy""]"	ICTV																			ICTV_ID
ictv_virus_name	ICTV Virus name	Commonly used virus name (or names separated by a semi-colon).	keyword												"[""Taxonomy"", ""Virus Info"", ""ICTV Taxonomy""]"	ICTV																			Virus name(s)
taxonomy_tree_hash	Taxonomy Tree Hash	Hash ontent for the rank in the taxonomy tree.	keyword												"[""Internal"", ""Workflows""]"	VJDB																			
current_virjen_version	Current VirJen Version	A flag that indicates if the record is the latest update in VirJenDB database	boolean												"[""Internal"", ""Workflows""]"	VJDB																			
updated_fields	Updated Fields	List of VirJenDB metadata fields and their content when they are updated in each release in compare to the previous version	array of objects												"[""Internal"", ""Workflows""]"	VJDB																			
genome_sequence	Genome Sequence	Virus genome sequence													"[""Internal"", ""Workflows""]"	NCBI Virus|BVBRC|GTDB																			
genome_sequence_hash	Genome Sequence Hash	VIrus genome sequence hash SHA256													"[""Internal"", ""Workflows""]"	VJDB																			
host_assembly_program	Host Assembly Program	The program used for host genome assembly.	keyword								host_assembly_program		host_assembly_program		"[""IMG/VR"", ""PhiSpy"", ""Host"", ""Workflows""]"	IMG/VR|PhiSpy|PhD																			
phage_id	phage id	phage id internal identifier	keyword								phage_id	phage_id	phage_id		"[""IMG/VR"", ""PHD"", ""PhiSpy"", ""Internal"", ""Virus Info""]"	VJDB	From Malte's dataset, deprecated (VirJenDB Accession as new Identifier), soon to be removed																		
ictv_lineage_hash_list	ICTV Lineage Hash List	The list of the hash for the lineage of the rank in the ICTV VMR.	keyword												"[""Internal"", ""Workflows""]"	VJDB																			
parent_hash	Parent Hash	Taxonomy Table Hash ID of the Parent Rank	keyword												"[""Internal"", ""Workflows""]"	VJDB																			
rank_hash	Rank Hash	Taxonomy Table Hash ID of the Rank	keyword												"[""Internal"", ""Workflows""]"	VJDB																			
ictv_rank_name	ICTV Rank Name	ICTV Rank Name	keyword												"[""Internal"", ""Workflows""]"	ICTV																			
ictv_rank_type	ICTV Rank Type	ICTV Rank Type	keyword												"[""Internal"", ""Workflows""]"	ICTV																			
imgvr_uvig_id	IMGVR UVIG ID	IMGVR UVIG ID	keyword								imgvr_uvig_id				"[""IMG/VR"", ""Host"", ""Identifiers""]"	IMG/VR|PhiSpy|PhD																			
coding_strand	Coding Strand	True if the current virus sequence is a coding strand. Calculated by part of the ViralClust tool suite. Only intended for ssRNA viruses.	boolean												"[""Analysis"", ""Flags"", ""Workflows""]"	VJDB																		TRUE	
host_confidence_score	Host Confidence Score	"Confidence score associated with the method by which ""Host Accession ID"" from NCBI GenBank or or ""NCBI Taxonomy Lineage"" was associated to the virus sequence. Multiple host associations/predictions separated by semicolons. "	keyword								host_insdc_accession_id		host_insdc_accession_id		"[""IMG/VR"", ""PhiSpy"", ""Host"", ""Workflows""]"	VJDB																			
ictv_lineage_hash_list	ICTV Lineage Hash List 	The list of the hash for the lineage of the rank in the ICTV VMR.	keyword												"[""Internal"", ""Workflows""]"	VJDB																			
parent_hash	Parent Hash	Taxonomy Table Hash ID of the Parent Rank	keyword												"[""Internal"", ""Workflows""]"	VJDB																			
rank_hash	Rank Hash	Taxonomy Table Hash ID of the Rank	keyword												"[""Internal"", ""Workflows""]"	VJDB																			
ictv_rank_name	ICTV Rank Name	ICTV Rank Name	keyword												"[""Internal"", ""Workflows""]"	ICTV																			
ictv_rank_type	ICTV Rank Type	ICTV Rank Type	keyword												"[""Internal"", ""Workflows""]"	ICTV																			
imgvr_uvig_id	IMGVR UVIG ID	IMGVR UVIG ID	keyword								imgvr_uvig_id				"[""IMG/VR"", ""Host"", ""Identifier""]"	IMG/VR|PhiSpy|PhD																			
coding_strand	Coding Strand	True if the current virus sequence is a coding strand. Calculated by part of the ViralClust tool suite. Only intended for ssRNA viruses.	boolean												"[""Analysis"", ""Flags"", ""Workflows""]"	VJDB																		TRUE	
host_confidence_score	Host Confidence Score	"Confidence score associated with the method by which ""Host Accession ID"" from NCBI GenBank or or ""NCBI Taxonomy Lineage"" was associated to the virus sequence. Multiple host associations/predictions separated by semicolons. "	keyword								host_insdc_accession_id		host_insdc_accession_id		"[""IMG/VR"", ""PhiSpy"", ""Host"", ""Workflows""]"	VJDB																			
checkv_contig_length	CheckV Contig Length	Length of the sequence as calculated by CheckV v1.0.1 against the default CheckV database v1.5. For more information about CheckV please see the tool page at: https://bitbucket.org/berkeleylab/checkv/src/master	integer												"[""Analysis"", ""Workflows""]"	VJDB																			
checkv_provirus	CheckV Provirus	Prediction of whether the sequence is a provirus by CheckV v1.0.1 against the default CheckV database v1.5. For more information about CheckV please see the tool page at: https://bitbucket.org/berkeleylab/checkv/src/master	keyword												"[""Analysis"", ""Workflows""]"	VJDB																			
checkv_proviral_length	CheckV Proviral Length	If the sequence is predicated as a provirus, the length ofthe provirus, calculated by CheckV v1.0.1 against the default CheckV database v1.5. For more information about CheckV please see the tool page at: https://bitbucket.org/berkeleylab/checkv/src/master	keyword												"[""Analysis"", ""Workflows""]"	VJDB																			
checkv_gene_count	CheckV Gene Count	The number of genes in the virus sequence as calculated by CheckV v1.0.1 against the default CheckV database v1.5. For more information about CheckV please see the tool page at: https://bitbucket.org/berkeleylab/checkv/src/master	integer												"[""Analysis"", ""Workflows""]"	VJDB																			
checkv_viral_genes	CheckV Viral Genes	The number of virus genes in the virus sequence as calculated by CheckV v1.0.1 against the default CheckV database v1.5. For more information about CheckV please see the tool page at: https://bitbucket.org/berkeleylab/checkv/src/master	integer												"[""Analysis"", ""Workflows""]"	VJDB																			
checkv_host_genes	CheckV Host Genes	The number of host genes as calculated by CheckV v1.0.1 against the default CheckV database v1.5. For more information about CheckV please see the tool page at: https://bitbucket.org/berkeleylab/checkv/src/master	integer												"[""Analysis"", ""Workflows""]"	VJDB																			
checkv_quality	CheckV Quality	"Quality tier of the virus genome as noted by CheckV v1.0.1 against the default CheckV database v1.5. For more information about CheckV please see the tool page at: https://bitbucket.org/berkeleylab/checkv/src/master 
Possible values:
Complete
High-quality (>90% completeness)
Medium-quality (50-90% completeness)
Low-quality (<50% completeness)
Undetermined quality"	keyword												"[""Analysis"", ""Workflows""]"	VJDB																			
checkv_miuvig_quality	CheckV MIUVIG Quality	MIUVIG quality as noted by CheckV v1.0.1 against the default CheckV database v1.5. For more information about CheckV please see the tool page at: https://bitbucket.org/berkeleylab/checkv/src/master	keyword												"[""Analysis"", ""Workflows""]"	VJDB																			
checkv_completeness	CheckV Completeness	Completeness of the virus genome sequenceas calculated by CheckV v1.0.1 against the default CheckV database v1.5. For more information about CheckV please see the tool page at: https://bitbucket.org/berkeleylab/checkv/src/master	float												"[""Analysis"", ""Workflows""]"	VJDB																			
checkv_completeness_method	CheckV Completeness Method	Method of determining the completeness of the virus genome sequence as calculated by CheckV v1.0.1 against the default CheckV database v1.5. For more information about CheckV please see the tool page at: https://bitbucket.org/berkeleylab/checkv/src/master	keyword												"[""Analysis"", ""Workflows""]"	VJDB																			
checkv_contamination	CheckV Contamination	Amount of virus genome sequence contamination as calculated by CheckV v1.0.1 against the default CheckV database v1.5. For more information about CheckV please see the tool page at: https://bitbucket.org/berkeleylab/checkv/src/master	float												"[""Analysis"", ""Workflows""]"	VJDB																			
checkv_kmer_freq	CheckV Kmer Freq	Number of times the virus genome was found in the as calculated by CheckV v1.0.1 against the default CheckV database v1.5. For more information about CheckV please see the tool page at: https://bitbucket.org/berkeleylab/checkv/src/master	float												"[""Analysis"", ""Workflows""]"	VJDB																			
checkv_warnings	CheckV Warnings	Warnings generated by running CheckV v1.0.1 against the default CheckV database v1.5. For more information about CheckV please see the tool page at: https://bitbucket.org/berkeleylab/checkv/src/master	keyword												"[""Analysis"", ""Workflows""]"	VJDB																			
length_coverage	Length Coverage	Percentage of Ns within the whole sequence from BVBRC.	float		compl_score; only half of the definition is used										"[""MIGS-VI"", ""Internal"", ""Sequence""]"	no source	not sure	remove; change the name and id: sequence_perc_N																	
number_of_contigs	Number of Contigs	Number of contigs in the sequence.	integer		number_contig										"[""MIGS-VI"", ""Internal"", ""Sequence""]"	no source		remove																1;13	
sequence_version	Sequence Version	Version of the sequence (whole entry).	float	SEQUENCE.VERSION											"[""RKI"", ""Internal"", ""Sequence""]"	no source	not sure	remove																	
sequencing_reason	Sequencing Reason	Why was the collected sample sequenced?	keyword	SEQUENCE. SEQUENCING_REASON; different vocabulary											"[""ENA"", ""RKI"", ""Internal"", ""Workflows""]"	no source	not sure	remove																	
assembly_level	Assembly Level	The level of the Assembly (contig, scaffold, chromosome, complete genome).	keyword												"[""ENA"", ""Internal"", ""ENA Analysis"", ""VJDB Analysis"", ""Workflows""]"		apply customization to vjdb , e.g. chromosome to genome or something; input not yet defined	keep internally																	
min_gap_length	Min Gap Length	Minimum length of consecutive Ns to be considered a gap.	integer												"[""ENA"", ""Internal"", ""ENA Analysis"", ""VJDB Analysis"", ""Workflows""]"		not sure	keep internally																	
assembly_program	Assembly Program	The program used for genome assembly.	keyword		assembly_software			Assembly Method							"[""ENA"", ""MIGS-VI"", ""BV-BRC"", ""Internal"", ""ENA Analysis"", ""VJDB Analysis"", ""Workflows""]"	BVBRC		keep internally				Sequence Info		assembly_method	string_ci		not in the bvbrc api								
assembly_type	Assembly Type	Identifier on how to treat the submitted assembly. Currently only assemblies from ‘clone or isolate’ are permitted.	keyword												"[""ENA"", ""Internal"", ""ENA Analysis"", ""VJDB Analysis"", ""Workflows""]"		"for submission this is always ""clone or isolate""; "	keep internally																clone or isolate	
lab_host_common_name	Lab Host Common Name	BVBRC Lab Host, common name of the lab host.	keyword					Lab Host							"[""BV-BRC"", ""Host"", ""Host Info""]"	BVBRC	"remove? Lab Passage 1 to 1 in public and rest in private for submission, because Lab Passaged is buil on ""/labhost"", to catch this we provide these fields; not sure"	host_lab_common_name				Host Info		lab_host	string_ci		new								
lab_host_ncbi_tax_id	Lab Host NCBI Tax ID	The NCBI Taxonomy ID of the lab host.	keyword		specific_host										"[""MIGS-VI"", ""Host"", ""Identifiers""]"		remove?; not sure	keep internally																	
lab_host_species	Lab Host Species	The scientific species name of the lab host.	keyword		specific_host										"[""ENA"", ""MIGS-VI"", ""Host"", ""Host Info""]"		remove?; not sure	keep internally																	
file_format	File Format	The run data file model.	keyword						file_format	file_format					"[""ENA ERC32"", ""ENA ERC33"", ""Internal"", ""ENA Run"", ""VJDB Run"", ""Workflows""]"		no example needed											(Mandatory) The run data file model.			(Mandatory) The run data file model.		TEXT_CHOICE_FIELD		
file_name	File Name	The name or relative pathname of a run data file.	keyword						file_name	file_name					"[""ENA ERC32"", ""ENA ERC33"", ""Internal"", ""ENA Run"", ""VJDB Run"", ""Workflows""]"		no example needed											(Mandatory) The name or relative pathname of a run data file.			(Mandatory) The name or relative pathname of a run data file.		TEXT_FIELD		
host_age	Host Age	Host age given by a number. Is connected to Host Age Unit. The number should match the unit. E.g. 2 years	float												"[""Internal"", ""Clinical ""]"	no source																		37	
host_age_unit	Host Age Unit	Unit that describes the host age. Is connected to Host Age. Should fit the number, e.g. 2 years	keyword												"[""Host"", ""Clinical""]"	no source	These two private for submission, one field for public where it is combined and one for normalized values (also for filtering); 	remove																days; years	
analysis_title	Analysis Title	Clear and useful title to identify the analysis of your sequencing experiment. This title will not be submitted to the ENA on submission.													"[""Internal"", ""VJDB Analysis"", ""Workflows""]"		no example needed																		
accession	Accession	GenBank Accession of the virus sequence. It equals NCBI Accession, ENA Accession, and DDBJ Accession, which are part of the INSDC.	keyword				Accession	GenBank Accessions				insdc_accession_id			"[""NCBI Virus"", ""BV-BRC"", ""PHD"", ""Organizational"", ""Identifiers""]"	NCBI Virus|BVBRC	no example needed		A unique identifier (Nucleotide, Protein or Assembly Accession, depending on the selected tab) assigned to the sequence record in GenBank.			DB Cross Reference		genbank_accessions	string_ci										
assembly_accession	Assembly Accession	NCBI Assembly Accession of the virus sequence.	keyword				Assembly	Assembly Accession				assembly_accession_id			"[""NCBI Virus"", ""BV-BRC"", ""PHD"", ""Organizational"", ""ENA Analysis"", ""VJDB Analysis"", ""Identifiers""]"	NCBI Virus|BVBRC	no example needed		NCBI Virus Assembly accession number. For more information about NCBI Virus assembly, see Data Model, Type of Data and Dataflow section.			DB Cross Reference		assembly_accession	string		without version								
bioproject_accession	Bioproject Accession	References the BioProject Accession that the virus sequence is a part of (INSDC). 	keyword				BioProject	BioProject Accession							"[""ENA"", ""NCBI Virus"", ""BV-BRC"", ""Organizational"", ""ENA Study"", ""Identifiers""]"	NCBI Virus|BVBRC	no example needed		The BioProject accession number associated with the sequence.			DB Cross Reference		bioproject_accession	string										
biosample_accession	Biosample Accession	References the BioSample Accession that the virus sequence is a part of (INSDC).	keyword		source_mat_id?		BioSample	BioSample Accession							"[""ENA"", ""MIGS-VI"", ""NCBI Virus"", ""BV-BRC"", ""Organizational"", ""ENA Sample"", ""VJDB Sample"", ""Identifiers""]"	NCBI Virus|BVBRC	no example needed		The BioSample accession number associated with the sequence.			DB Cross Reference		biosample_accession	string										
collection_date	Collection Date	Date when the sample the virus sequence originates from was collected or sampled.	date	SEQUENCE. DATE_OF_SAMPLING	collection_date; has intervall		Collection_Date	Collection Date	collection date	collection date					"[""ENA"", ""RKI"", ""MIGS-VI"", ""NCBI Virus"", ""BV-BRC"", ""ENA ERC32"", ""ENA ERC33"", ""Sample"", ""ENA Sample"", ""VJDB Sample"", ""Collection""]"	NCBI Virus|BVBRC	"would be ""Date"" but to make distinction as there are multiple dates; "		The date when the virus sample was collected.			Isolate Info	Isolation Metadata	collection_date	string			(Mandatory) The date the sample was collected with the intention of sequencing, either as an instance (single point in time) or interval. in case no exact time is available, the date/time can be right truncated i.e. all of these are valid iso8601 compliant times: 2008-01-23t19:23:10+00:00; 2008-01-23t19:23:10; 2008-01-23; 2008-01; 2008.			(Mandatory) The date the sample was collected with the intention of sequencing, either as an instance (single point in time) or interval. in case no exact time is available, the date/time can be right truncated i.e. all of these are valid iso8601 compliant times: 2008-01-23t19:23:10+00:00; 2008-01-23t19:23:10; 2008-01-23; 2008-01; 2008.		TEXT_FIELD	2023-05-28	
country	Country	Country or sea area where the sample the virus sequence originates from was collected or sampled.	keyword		geo_loc_name		Country	Isolation Country	geographic location (country and/or sea)	geographic location (country and/or sea)					"[""ENA"", ""MIGS-VI"", ""NCBI Virus"", ""BV-BRC"", ""ENA ERC32"", ""ENA ERC33"", ""Sample"", ""ENA Sample"", ""VJDB Sample"", ""Collection""]"	NCBI Virus|BVBRC			The country of specimen collection.		split Geo_Location and compare to collection_country , ingest to collection_region and collection_city	Isolate Info	Isolation Metadata	isolation_country	string_ci			(Mandatory) The geographical origin of where the sample was collected from, with the intention of sequencing, as defined by the country or sea name. country or sea names should be chosen from the insdc country list (http://insdc.org/country.html).			(Mandatory) The location the sample was collected from with the intention of sequencing, as defined by the country or sea. country or sea names should be chosen from the insdc country list (http://insdc.org/country.html).		TEXT_CHOICE_FIELD	Germany	
genbank_sequence	GenBank Sequence	Determines if this virus sequence is available in Genbank.	boolean				GenBank_RefSeq								"[""NCBI Virus"", ""Source"", ""Flags""]"	NCBI Virus			Specifies if the sequence is from GenBank or RefSeq database.		convert GenBank/RefSeq input to boolean													true	
refseq_sequence	RefSeq Sequence	Determines if this virus sequence is a reference sequence in the RefSeq database.	boolean				GenBank_RefSeq	Reference							"[""NCBI Virus"", ""BV-BRC"", ""Source"", ""Flags""]"	NCBI Virus|BVBRC			Specifies if the sequence is from GenBank or RefSeq database.		convert GenBank/RefSeq input to boolean	Type Info		reference_genome	string		"if reference sequence, value = ""Reference"""							true	
collection_geo_location	Collection Geo Location	Country name and additional identifier like a state abbreviation from where the sample the sequence originates from was collected/sampled.	keyword				Geo_Location	Geographic Location	geographic location (region and locality)	geographic location (region and locality)					"[""NCBI Virus"", ""BV-BRC"", ""ENA ERC32"", ""ENA ERC33"", ""Sample"", ""ENA Sample"", ""VJDB Sample"", ""Collection""]"	NCBI Virus|BVBRC	shown until further revised; 		"The geographic location where the virus was isolated. NCBI Virus relies solely on the information provided by submitters, which may sometimes mistakenly identify regions where sequences were processed instead of the actual collection locations. The granularity of the information displayed in the column depends on the submitter. For example, it can be ""Australia: Heron Island, Great Barrier Reef"", or just ""China"". The country and other geographic location names are based on the INSDC Geographic Location list."		split Geo_Location and compare to collection_country , ingest to collection_region and collection_city	Isolate Info	Isolation Metadata	geographic_location	string_ci			(Recommended) The geographical origin of the sample as defined by the specific region name followed by the locality name.			(Recommended) The geographical origin of the sample as defined by the specific region name followed by the locality name.		TEXT_FIELD	USA: NY 	
host_common_name	Host Common Name	Common name of the host the virus sequence was collected from, e.g. human. Currently (v1.0) no ontology is applied.	keyword				Host	Host Common Name	host common name	host common name					"[""ENA"", ""NCBI Virus"", ""BV-BRC"", ""ENA ERC32"", ""ENA ERC33"", ""Host"", ""ENA Sample"", ""VJDB Sample"", ""Host Taxonomy""]"	NCBI Virus|BVBRC			The host organism from which the virus was isolated. This is the submitter-provided host organism, not the full host range known for the virus. For more information, see Glossary: Host.			Host Info		host_common_name	string_ci			(Mandatory) Common name of the host, e.g. human			(Mandatory) Common name of the host, e.g. human		TEXT_FIELD	human	
sequence_length	Sequence Length	Length of the virus sequence in basepairs (bp).	integer				Length	Size			sequence_length	sequence_length	sequence_length		"[""NCBI Virus"", ""BV-BRC"", ""IMG/VR"", ""PHD"", ""PhiSpy"", ""Sample"", ""Sequence"", ""Workflows""]"	NCBI Virus|BVBRC	Is sequence in the name needed? Length to generic -> Sequence Length (consideration for other data layers); 		Sequence length, the number of nucleotides or amino acids in the sequence.			Genome Statistics	Genome Statistics	genome_length	int									10201	
molecule_type	Molecule Type	Molecule type of the sequence, e.g. ssRNA. Note that there are 15 molecule types corresponding to combinations of the Baltimore Classifications, from NCBI GenBank.	keyword				Molecule_type								"[""ENA"", ""NCBI Virus"", ""Sample"", ""Virus Info""]"	NCBI Virus	Should be curated into Baltimore classes; Is this a sequence attribute or sample or both? Represent in naming?; 		Genome molecule type, type of viral nucleic acid, as provided by ICTV. For more information, see Glossary: Genome Molecule Type.															ssRNA(+)	
genome_completeness	Genome Completeness	Wether the sequence is a partial or complete sequence in NCBI GenBank.	keyword				Nuc_Completeness								"[""NCBI Virus"", ""Sample"", ""Sequence"", ""Workflows""]"	NCBI Virus			Indicates if the nucleotide sequence is complete or partial. Nucleotide sequences are considered complete, if they were submitted as such to GenBank or other INSDC databases. For more information, see Glossary: Nucleotide Completeness.															partial; complete	
organism_name	Organism Name	NCBI GenBank organism name: a taxonomic name at species level or below the species level.	keyword				Organism_Name					organism_name			"[""NCBI Virus"", ""PHD"", ""Sample"", ""Virus Info""]"	NCBI Virus	technically sample species or below, take as it is until curation; 	sample_organism_name	Gen Bank organism name, a taxonomic name at species level or below the species level.															Influenza A virus (A/goose/Guangdong/1/1996(H5N1))	
submitter_organization	Submitter Organization	Organization the submitter(s) is(are) affiliated with.	keyword				Organization								"[""NCBI Virus"", ""Organizational"", ""VJDB Study"", ""Submission""]"	NCBI Virus			Organization or institution the sequence submitters affiliated with, as well as country or location of the organization.		may need to split Organization to submitter_region													National Center for Biotechnology Information, NIH	
release_date	Release Date	Date when the sequence was made public in a repository (e.g. GenBank, BV-BRC).	date	SEQUENCE. PUSHED_TO_DWH			Release_Date								"[""RKI"", ""NCBI Virus"", ""Organizational"", ""Sequence""]"	NCBI Virus		update definition (genbank, bvbrc)	The date when the sequence was released in the GenBank.															2023-05-20	
segment_name	Segment Name	Name of the virus segment. Can be a number.	keyword				Segment								"[""NCBI Virus"", ""Sample"", ""Sequence""]"	NCBI Virus			Segment name or number representing a genome segment. For more information, see Clossary: Segment.															spike; 1; whole genome	
sra_accession	SRA Accession	NCBI Sequence Read Archive (SRA) Accession.	keyword				SRA_Accession	SRA Accession							"[""NCBI Virus"", ""BV-BRC"", ""Organizational"", ""Identifiers""]"	NCBI Virus|BVBRC	no example needed		NCBI Sequence Read Archive (SRA) accession number.			DB Cross Reference		sra_accession	string										
submitter	Submitter	Name(s) of the submitter(s) of the virus sequence.	keyword				Submitters								"[""NCBI Virus"", ""Organizational"", ""VJDB Study"", ""Submission""]"	NCBI Virus			Authors who submitted the sequences.															Zuckerman,N., Mandelboim,M.	
collection_source_host_tissue	Collection Source Host Tissue	Tissue, Specimen or Source of the superhost from which the sample the virus sequence originates from was collected or sampled.	keyword	SEQUENCE. SAMPLE_TYPE; different vocabulary	env_medium? more or less		Tissue_Specimen_Source		isolation source host-associated	isolation source host-associated					"[""ENA"", ""RKI"", ""MIGS-VI"", ""NCBI Virus"", ""ENA ERC32"", ""ENA ERC33"", ""Sample"", ""ENA Sample"", ""VJDB Sample"", ""Collection""]"	NCBI Virus	Plan about sources and vocabularies, RKI different from ENA, what about NCBI and environmental, leave it like that for now with NCBi input; 	collection_source_host_associated	Isolation source, part of the host organism, where the sample was obtained. For more information, see Glossary: Tissue/Specimen/Source.		split Tissue_Specimen_Source to collection_source_environment and collection_source_host_tissue							(Recommended) Name of host tissue or organ sampled for analysis. example: tracheal tissue			(Recommended) Name of host tissue or organ sampled for analysis. example: tracheal tissue		TEXT_FIELD	brain; water; venom gland	
bv_brc_accession	BV-BRC Accession	Accession of the sequence in the BV-BRC database.	keyword					Genome ID							"[""BV-BRC"", ""Organizational"", ""Identifiers""]"	BVBRC	no example needed	Change id and name to BVBRC_genome_id				General Info		genome_id	string										
bv_brc_host_group	BV-BRC Host Group	The host's broader group association in a taxonomic context from BV-BRC.	keyword					Host Group							"[""BV-BRC"", ""Host"", ""Host Info""]"	BVBRC						Host Info		host_group	string_ci									vertebrates; plants	
host_species	Host Species	The scientific species name of the sampled host.	keyword		specific_host			Host Name	host scientific name	host scientific name					"[""ENA"", ""MIGS-VI"", ""BV-BRC"", ""ENA ERC32"", ""ENA ERC33"", ""Host"", ""ENA Sample"", ""VJDB Sample"", ""Host Info""]"	BVBRC						Host Info		host_name	string_ci		they are not all scientific names	(Mandatory) Scientific name of the natural (as opposed to laboratory) host to the organism from which sample was obtained.			(Mandatory) Scientific name of the natural (as opposed to laboratory) host to the organism from which sample was obtained.		TEXT_FIELD	homo sapiens	
host_ncbi_tax_id	Host NCBI Tax ID	The host sequence NCBI Taxonomy ID. Can be based on the mapping by GTDB of the GTDB Species Name to the NCBI Taxonomy ID.	keyword		specific_host						host_ncbi_tax_id	host_ncbi_tax_id	host_ncbi_tax_id		"[""MIGS-VI"", ""IMG/VR"", ""PHD"", ""PhiSpy"", ""Host"", ""ENA Sample"", ""VJDB Sample"", ""Host Taxonomy"", ""NCBI Taxonomy""]"	GTDB		keep internally													(Optional) Scientific name of the laboratory host used to propagate the source organism from which the sample was obtained		TEXT_FIELD	9606	
bvbrc_host_sex	BVBRC Host Sex	Sex of the sampled host from the BV-BRC.	keyword					Host Gender	host sex	host sex					"[""ENA"", ""BV-BRC"", ""ENA ERC32"", ""ENA ERC33"", ""Host"", ""ENA Sample"", ""VJDB Sample"", ""Clinical""]"	BVBRC						Host Info		host_gender	string_ci			(Mandatory) Gender or sex of the host.			(Mandatory) Gender or sex of the host.		TEXT_CHOICE_FIELD	female; hermaphrodite	
bv_brc_sequence	BV-BRC Sequence	Flag indicating if this virus sequence is available in BV-BRC.	boolean												"[""Source"", ""Flags""]"	VJDB		add is_bvbrc																true	
pangolin_lineage	Pangolin Lineage	Lineage determined by Pangolin.	keyword	PANGOLIN. LINEAGE_LATEST				Lineage							"[""RKI"", ""BV-BRC"", ""Analysis"", ""Sequence""]"	NCBI Virus|BVBRC	depends on how to treat RKI data, they have pangolin leange in json format that includes version and also method information, we could either include that (bad readabiliy, or splt the relevant information for these fields)					Type Info		lineage	string										
ncbi_speciestax_id	NCBI SpeciesTax ID	The virus species NCBI Taxonomy ID.	keyword		samp_taxon_id			NCBI Taxon ID	taxon_id	taxon_id	sample_ncbi_tax_id	sample_ncbi_tax_id	sample_ncbi_tax_id	ncbi_tax_id	"[""ENA"", ""MIGS-VI"", ""BV-BRC"", ""ENA ERC32"", ""ENA ERC33"", ""IMG/VR"", ""PHD"", ""PhiSpy"", ""GTDB"", ""Taxonomy"", ""ENA Sample"", ""VJDB Sample"", ""Identifiers"", ""NCBI Taxonomy""]"	BVBRC	Taxonomy Descision; 					Taxonomy Info	Taxonomy	taxon_id	int			(Mandatory) Ncbi taxonomy identifier. this is appropriate for individual organisms and some environmental samples.			(Mandatory) Ncbi taxonomy identifier. this is appropriate for individual organisms and some environmental samples.		TEXT_FIELD	197911	
average_depth	Average Depth	Average sequencing depth across the sequence from BVBRC.	float					Sequencing Depth							"[""ENA"", ""BV-BRC"", ""Analysis"", ""Sequence"", ""Workflows""]"	BVBRC						Sequence Info		sequencing_depth	string_ci		average							12.0x	
gc_content	GC Content	Percentage of G and C nucleotides in the sequence from BVBRC.	float					GC Content							"[""BV-BRC"", ""Analysis"", ""Sequence"", ""Workflows""]"	BVBRC						Genome Statistics	Genome Statistics	gc_content	float									37.355248	
sequencing_center	Sequencing Center	Institution that sequenced the collected sample.	keyword					Sequencing Center							"[""BV-BRC"", ""Organizational"", ""Sequence"", ""Workflows""]"	BVBRC						Sequence Info		sequencing_centers	string_ci									US Food and Drug Administration	
platform	Platform	Instrument platform used for sequencing the virus; multiple values are seperated by a semicolon (only for assemblies).	keyword	SEQUENCE. SEQUENCING_METHOD				Sequencing Platform	platform	platform					"[""ENA"", ""RKI"", ""BV-BRC"", ""ENA ERC32"", ""ENA ERC33"", ""Analysis"", ""ENA Experiment"", ""VJDB Experiment"", ""Sequence"", ""Workflows""]"	BVBRC						Sequence Info		sequencing_platform	string_ci			(Mandatory) The platform record selects which sequencing platform and platform-specific runtime parameters. this will be determined by the center. optional if 'instrument_model' is provided.			(Mandatory) The platform record selects which sequencing platform and platform-specific runtime parameters. this will be determined by the center. optional if 'instrument_model' is provided.		TEXT_CHOICE_FIELD	CAPILLARY	
sequence_source	Sequence Source	The name of the source database or tool by which the virus sequence was added in VirJenDB; in the case of PhiSpy-predicted prophages, the value is PhiSpy.	keyword												"[""Organizational"", ""Source""]"	VJDB	not sure	change id and name to source_metadata_db, update definition																	
submitter_country	Submitter Country	Country of the submitter's organization.	keyword				Org_location								"[""NCBI Virus"", ""Sample"", ""VJDB Study"", ""Submission""]"	NCBI Virus																		Germany	
submitter_region	Submitter Region	Region or location of the organization of the submitters.	keyword												"[""Sample"", ""Submission""]"	NCBI Virus	not sure	split organization to submitter_region			may need to split Organization to submitter_region														
virjendb_accession	VirJenDB Accession	Unique identifier of the virus sequence, assigned by VirJenDB.	keyword												"[""Organizational"", ""Source"", ""Identifiers""]"	VJDB																		10580360	
virjendb_metadata_version	VirJenDB Metadata Version	Version of the virus sequence record, including metadata, assigned by VirJenDB.	integer												"[""Organizational"", ""Source""]"	VJDB																			
strain	Strain	Name of the virus strain associated with the sample from which the virus sequence was obtained.	keyword					Strain	strain	strain					"[""BV-BRC"", ""ENA ERC32"", ""ENA ERC33"", ""Sample"", ""ENA Sample"", ""VJDB Sample"", ""Virus Info""]"	BVBRC	not sure							strain				(Optional) Name of the strain from which the sample was obtained.			(Optional) Name of the strain from which the sample was obtained.		TEXT_FIELD		
ictv_realm	ICTV Realm	A 'Realm' is the highest taxonomic rank into which a virus sequence can be classified. Defined by the ICTV.	keyword								ictv_realm	ictv_realm	ictv_realm		"[""IMG/VR"", ""PHD"", ""PhiSpy"", ""Taxonomy"", ""Virus Taxonomy"", ""ICTV Taxonomy""]"	ICTV	no example needed																		Realm
ictv_kingdom	ICTV Kingdom	A 'Kingdom' is a rank in the taxonomic hierarchy into which a virus sequence can be classified. Defined by the ICTV.	keyword								ictv_kingdom	ictv_kingdom	ictv_kingdom		"[""IMG/VR"", ""PHD"", ""PhiSpy"", ""Taxonomy"", ""Virus Taxonomy"", ""ICTV Taxonomy""]"	ICTV	no example needed																		Kingdom
ictv_phylum	ICTV Phylum	A 'Phylum' is a rank in the taxonomic hierarchy into which a virus sequence can be classified. Defined by the ICTV.	keyword								ictv_phylum	ictv_phylum	ictv_phylum		"[""IMG/VR"", ""PHD"", ""PhiSpy"", ""Taxonomy"", ""Virus Taxonomy"", ""ICTV Taxonomy""]"	ICTV	no example needed																		Phylum
ictv_subphylum	ICTV Subphylum	A 'Subphylum' is a rank in the taxonomic hierarchy into which a virus sequence can be classified. Defined by the ICTV.	keyword									ictv_subphylum			"[""PHD"", ""Taxonomy"", ""Virus Taxonomy"", ""ICTV Taxonomy""]"	ICTV	no example needed																		Subphylum
ictv_class	ICTV Class	A 'Class' is a rank in the taxonomic hierarchy into which a virus sequence can be classified. Defined by the ICTV.	keyword								ictv_class	ictv_class	ictv_class		"[""IMG/VR"", ""PHD"", ""PhiSpy"", ""Taxonomy"", ""Virus Taxonomy"", ""ICTV Taxonomy""]"	ICTV	no example needed																		Class
ictv_order	ICTV Order	A 'Order' is a rank in the taxonomic hierarchy into which a virus sequence can be classified. Defined by the ICTV.	keyword								ictv_order	ictv_order	ictv_order		"[""IMG/VR"", ""PHD"", ""PhiSpy"", ""Taxonomy"", ""Virus Taxonomy"", ""ICTV Taxonomy""]"	ICTV	no example needed																		Order
ictv_suborder	ICTV Suborder	A 'suborder' is a rank in the taxonomic hierarchy into which a virus sequence can be classified. Defined by the ICTV.	keyword									ictv_suborder			"[""PHD"", ""Taxonomy"", ""Virus Taxonomy"", ""ICTV Taxonomy""]"	ICTV	no example needed																		Suborder
ictv_family	ICTV Family	A 'Family' is a rank in the taxonomic hierarchy into which a virus sequence can be classified. Defined by the ICTV.	keyword								ictv_family	ictv_family	ictv_family		"[""IMG/VR"", ""PHD"", ""PhiSpy"", ""Taxonomy"", ""Virus Taxonomy"", ""ICTV Taxonomy""]"	ICTV	no example needed																		Family
ictv_subfamily	ICTV Subfamily	A 'Subfamily' is a rank in the taxonomic hierarchy into which a virus sequence can be classified. Defined by the ICTV.	keyword									ictv_subfamily			"[""PHD"", ""Taxonomy"", ""Virus Taxonomy"", ""ICTV Taxonomy""]"	ICTV	no example needed																		Subfamily
ictv_genus	ICTV Genus	A 'Genus' is a rank in the taxonomic hierarchy into which a virus sequence can be classified. Defined by the ICTV.	keyword								ictv_genus	ictv_genus	ictv_genus		"[""IMG/VR"", ""PHD"", ""PhiSpy"", ""Taxonomy"", ""Virus Taxonomy"", ""ICTV Taxonomy""]"	ICTV	no example needed																		Genus
ictv_subgenus	ICTV Subgenus	A 'Subgenus' is a rank in the taxonomic hierarchy into which a virus sequence can be classified. Defined by the ICTV.	keyword									ictv_subgenus			"[""PHD"", ""Taxonomy"", ""Virus Taxonomy"", ""ICTV Taxonomy""]"	ICTV	no example needed																		Subgenus
ictv_species	ICTV Species	A Species is the lowest taxonomic rank in the hierarchy approved by the ICTV. While subspecies levels of classification may exist for some viruses (e.g. Hepatitis C virus), the ICTV does not classify viruses below the species level. Defined by the ICTV.	keyword								ictv_species	ictv_species	ictv_species		"[""IMG/VR"", ""PHD"", ""PhiSpy"", ""Taxonomy"", ""Virus Taxonomy"", ""ICTV Taxonomy""]"	ICTV	Taxonomy Descision; no example needed	tbd																	Species
ncbi_realm	NCBI Realm	A 'Realm' is the highest taxonomic rank into which virus species can be classified. Defined by the NCBI.	keyword									ncbi_realm			"[""PHD"", ""Sample"", ""Virus Taxonomy"", ""NCBI Taxonomy""]"	NCBI Taxonomy	no example needed																		
ncbi_kingdom	NCBI Kingdom	A 'Kingdom' is a rank in the taxonomic hierarchy into which a virus sequence can be classified. Defined by the NCBI.	keyword					Kingdom				ncbi_kingdom			"[""BV-BRC"", ""PHD"", ""Taxonomy"", ""Virus Taxonomy"", ""NCBI Taxonomy""]"	BVBRC	no example needed				Taxonomy Info	Taxonomy	kingdom	string_ci											
ncbi_phylum	NCBI Phylum	A 'Phylum' is a rank in the taxonomic hierarchy into which a virus sequence can be classified. Defined by the NCBI.	keyword					Phylum				ncbi_phylum			"[""BV-BRC"", ""PHD"", ""Taxonomy"", ""Virus Taxonomy"", ""NCBI Taxonomy""]"	BVBRC	no example needed				Taxonomy Info	Taxonomy	phylum	string_ci											
ncbi_subphylum	NCBI Subphylum	A 'Subphylum' is a rank in the taxonomic hierarchy into which a virus sequence can be classified. Defined by the NCBI.	keyword									ncbi_subphylum			"[""PHD"", ""Taxonomy"", ""Virus Taxonomy"", ""NCBI Taxonomy""]"	NCBI Taxonomy	no example needed																		
ncbi_class	NCBI Class	A 'Class' is a rank in the taxonomic hierarchy into which a virus sequence can be classified. Defined by the NCBI.	keyword					Class				ncbi_class			"[""BV-BRC"", ""PHD"", ""Taxonomy"", ""Virus Taxonomy"", ""NCBI Taxonomy""]"	BVBRC	no example needed				Taxonomy Info	Taxonomy	class	string_ci											
ncbi_order	NCBI Order	A 'Order' is a rank in the taxonomic hierarchy into which a virus sequence can be classified. Defined by the NCBI.	keyword					Order				ncbi_order			"[""BV-BRC"", ""PHD"", ""Taxonomy"", ""Virus Taxonomy"", ""NCBI Taxonomy""]"	BVBRC	no example needed				Taxonomy Info	Taxonomy	order	string_ci											
ncbi_suborder	NCBI Suborder	A 'suborder' is a rank in the taxonomic hierarchy into which a virus sequence can be classified. Defined by the NCBI.	keyword									ncbi_suborder			"[""PHD"", ""Taxonomy"", ""Virus Taxonomy"", ""NCBI Taxonomy""]"	NCBI Taxonomy	no example needed																		
ncbi_family	NCBI Family	A 'Family' is a rank in the taxonomic hierarchy into which a virus sequence can be classified. Defined by the NCBI.	keyword				Family	Family				ncbi_family			"[""NCBI Virus"", ""BV-BRC"", ""PHD"", ""Taxonomy"", ""Virus Taxonomy"", ""NCBI Taxonomy""]"	NCBI Virus|BVBRC	Taxonomy Descision; no example needed		Family name, as identified by NCBI Taxonomy.			Taxonomy Info	Taxonomy	family	string_ci										
ncbi_subfamily	NCBI Subfamily	A 'Subfamily' is a rank in the taxonomic hierarchy into which a virus sequence can be classified. Defined by the NCBI.	keyword									ncbi_subfamily			"[""PHD"", ""Taxonomy"", ""Virus Taxonomy"", ""NCBI Taxonomy""]"	NCBI Taxonomy	no example needed																		
ncbi_genus	NCBI Genus	A 'Genus' is a rank in the taxonomic hierarchy into which virus a sequence can be classified. Defined by the NCBI.	keyword				Genus	Genus				ncbi_genus			"[""NCBI Virus"", ""BV-BRC"", ""PHD"", ""Taxonomy"", ""Virus Taxonomy"", ""NCBI Taxonomy""]"	NCBI Virus|BVBRC	Taxonomy Descision; no example needed		Genus name, as identified by NCBI Taxonomy.			Taxonomy Info	Taxonomy	genus	string_ci										
ncbi_subgenus	NCBI Subgenus	A 'Subgenus' is a rank in the taxonomic hierarchy into which a virus sequence can be classified. Defined by the NCBI.	keyword									ncbi_subgenus			"[""PHD"", ""Taxonomy"", ""Virus Taxonomy"", ""NCBI Taxonomy""]"	NCBI 	no example needed																		
ncbi_species	NCBI Species	A Species is the lowest taxonomic rank in the hierarchy approved by the NCBI. While subspecies levels of classification may exist for some viruses (e.g. Hepatitis C virus), the NCBI does not classify viruses below the species level. Defined by the NCBI.	keyword				Species	Species				ncbi_species			"[""ENA"", ""NCBI Virus"", ""BV-BRC"", ""PHD"", ""Taxonomy"", ""Virus Taxonomy"", ""NCBI Taxonomy""]"	NCBI Virus|BVBRC	NCBI Virus has only the virus species in this field, Taxonomy Descision; no example needed		Species name, as defined by NCBI Taxonomy.			Taxonomy Info	Taxonomy	species	string_ci										
genotype	Genotype	"The genotype or subtype of a virus sequence, as provided by the sequence submitter. This field comes from the ""/serotype"" field of the GenBank record and is shown as submitted. Consistency and accuracy may vary."	keyword		subspecf_gen_lin; broad field		Genotype								"[""MIGS-VI"", ""NCBI Virus"", ""Sample"", ""Virus Info""]"	NCBI Virus	Is sample needed at all? Do we relate everything to the sequence/the virus  -> Variant, Taxonomy Decision: Variant or NCBI/ICTV Variant; no example needed		"In the NCBI Virus database, the term ""Genotype"" refers to the genotype or subtype of a viral sequence, as provided by the sequence submitter. This information is displayed in the Genotype column of the Results Table and can also be used as a filter to refine search results.

The genotype information is parsed from the ""/serotype"" field of the GenBank record and is shown exactly as it was submitted by the sequence submitter. The presence, accuracy, and consistency of genotype data may vary between records, as it is not a mandatory field in the GenBank submission process."																
isolate	Isolate	Name of the virus isolate associated with the sample from which the virus sequence was obtained.	keyword				Isolate		isolate	isolate					"[""ENA"", ""NCBI Virus"", ""ENA ERC32"", ""ENA ERC33"", ""Sample"", ""ENA Sample"", ""VJDB Sample"", ""Virus Info""]"	NCBI Virus	Taxonomy Descision; not sure		"Isolate or strain name from the ""/isolate"" field of GenBank record. For more information, see Glossary: Isolate."												(Mandatory) Individual isolate from which the sample was obtained		TEXT_FIELD		
host_age	Host Age	"Host age number only from ""BVBRC Host Age"". Caution: not yet standardized by unit!"	integer					Host Age	host age	host age					"[""ENA"", ""BV-BRC"", ""ENA ERC32"", ""ENA ERC33"", ""Host"", ""ENA Sample"", ""VJDB Sample"", ""Clinical""]"	BVBRC	Seperation of values good for submission, display should be in one, needs curation from ENA values, seperate Fields for submission?; 					Host Info		host_age	string_ci			(Recommended) Age of host at the time of sampling; relevant scale depends on species and study, e.g. could be seconds for amoebae or centuries for trees (Units: years)			"(Recommended) Age of host at the time of sampling; relevant scale depends on species and study, e.g. could be seconds for amoebae or centuries for trees Units: 
"		TEXT_FIELD	37 years	
ncbi_lineage_ids	NCBI Lineage IDs	NCBI TaxIDs assigned to the virus sequence, from BVBRC.	integer list					Taxon Lineage IDs							"[""BV-BRC"", ""Taxonomy"", ""Identifiers"", ""NCBI Taxonomy""]"	BVBRC	no example needed	add|we will add NCBI Tax Names from the NCBI Taxonomy DB later				Taxonomy Info	Taxonomy	taxon_lineage_ids	string		add; we will add NCBI Tax Names from the NCBI Taxonomy DB later								
ncbi_lineage_names	NCBI Lineage Names	Aggregation of the NCBI Taxonomy Names associated with the virus sequence.	keyword					Taxon Lineage Names							"[""BV-BRC"", ""Taxonomy"", ""Virus Info"", ""NCBI Taxonomy""]"	BVBRC	no example needed				Taxonomy Info	Taxonomy	taxon_lineage_names	string											
ictv_lineage_names	ICTV Lineage Names	Aggregation of the ICTV Taxonomy Names associated with the virus sequence.	keyword												"[""Taxonomy"", ""Virus Info"", ""ICTV Taxonomy""]"	VJDB	no example needed																		
ictv_exemplar	ICTV Exemplar	Flag indicating yes if the sequence is an exemplar of the species in the ICTV Taxonomy.	boolean												"[""Source"", ""Flags""]"	ICTV	no example needed																		
ictv_host_group	ICTV Host Group	The ICTV Host source field content to be combined with other host group data from the other sources.	keyword												"[""Host"", ""Host Info""]"	ICTV																			Host source
bv_brc_host_age	BV-BRC Host Age	Host Age and Unit from BV-BRC.	keyword					Host Age							"[""BV-BRC"", ""Host"", ""Clinical""]"	BVBRC	Seperation of values good for submission, display should be in one, needs curation from ENA values, seperate Fields for submission?					Host Info		host_age	string_ci										
host_gtdb_species_name	Host GTDB Species Name	References the Host GTDB Species Name to which the NCBI host taxonomy ID of the virus sequence could be mapped. See the mapping file on the Datasets page.	keyword								host_gtdb_species	host_gtdb_species	host_gtdb_species	gtdb_species	"[""IMG/VR"", ""PHD"", ""PhiSpy"", ""GTDB"", ""Host"", ""Host Taxonomy"", ""GTDB Taxonomy""]"	IMG/VR|PhiSpy|PhD																			
unique_representative	Unique Representative	Flag indicating yes if the sequence is a representative for a group of identical VirJenDB sequences.	boolean												"[""Analysis"", ""Flags""]"	VJDB																			
unique_reference	Unique Reference	The VirJenDB ID for the unique representative sequence. For the non-phages, the smallest Accession in the group. See documentation for selection details.	keyword												"[""Internal"", ""Analysis"", ""Workflows""]"	VJDB																			
cluster_representative	Cluster Representative	Flag indicating yes if the sequence is a representative sequence of a group of sequences, computed by VClust. See documentation for selection details.	boolean												"[""Analysis"", ""Flags""]"	VJDB																			
cluster_reference	Cluster Reference	The VirJenDB ID of the representative of its cluster. See documentation for selection details.	keyword												"[""Analysis""]"	VJDB																			
predicted_method	Predicted Method	The tool used to predict the virus sequence. No value means that it is not a predicted virus sequence. 	list												"[""Analysis"", ""Workflows""]"	IMG/VR|PhiSpy|PhD																			
host_accession	Host Accession	Host Accession from NCBI GenBank that refers to the host sequence from which the prophage was predicted.	keyword								host_insdc_accession_id		host_insdc_accession_id		"[""IMG/VR"", ""PhiSpy"", ""Host"", ""Identifiers""]"	VJDB																			
host_assembly_accession	Host Assembly Accession	Host Assembly Accession of the sequence (INSDC). 	keyword								host_assembly_accession_id		host_assembly_accession_id		"[""IMG/VR"", ""PhiSpy"", ""Host"", ""Identifiers""]"	IMG/VR|PhiSpy|PhD																			
host_bioproject_accession	Host BioProject Accession	References the BioProject Accession associated with the host sequence.	keyword								host_bioproject_accession_id		host_bioproject_accession_id		"[""IMG/VR"", ""PhiSpy"", ""Host"", ""Identifiers""]"	IMG/VR|PhiSpy|PhD																			
host_biosample_accession	Host Biosample Accession	References the BioSample Accession associated with the host sequence.	keyword								host_biosample_accession_id		host_biosample_accession_id		"[""IMG/VR"", ""PhiSpy"", ""Host"", ""Identifiers""]"	IMG/VR|PhiSpy|PhD																			
host_country	Host Country	Country or sea area origin of the sample from which the host sequence originates.	keyword								host_collection_country		host_collection_country		"[""IMG/VR"", ""PhiSpy"", ""Host"", ""Collection""]"	IMG/VR|PhiSpy|PhD																		Germany	
host_collection_date	Host Collection Date	Date of collection of the sample from which the host sequence originates.	date								host_collection_date		host_collection_date		"[""IMG/VR"", ""PhiSpy"", ""Host"", ""Collection""]"	IMG/VR|PhiSpy|PhD																		2023-05-23	
host_imgm_taxon_oid	Host IMGM Taxon OID	Associated Host IMGM Taxon OID from which the virus sequence was extracted by IMG/VR.	keyword								host_imgvr_taxon_oid				"[""IMG/VR"", ""Host"", ""Identifiers""]"	IMG/VR|PhiSpy|PhD																			
host_average_sequence_depth	Host Average Sequence Depth	Average sequencing depth across the host sequence. Multiple host associations/predictions separated by semicolons. 	float								host_sequence_average_depth_coverage		host_sequence_average_depth_coverage		"[""IMG/VR"", ""PhiSpy"", ""Host"", ""Workflows""]"	IMG/VR|PhiSpy|PhD																		12.0x	
host_sequencing_platform	Host Sequencing Platform	Instrument or sequencing platform used for host sequencing. Multiple host associations/predictions separated by semicolons. 	keyword								host_sequencing_platform		host_sequencing_platform		"[""IMG/VR"", ""PhiSpy"", ""Workflows"", ""Host""]"	IMG/VR|PhiSpy|PhD																		CAPILLARY	
host_association_method	Host Association Method	"Method by which the fields ""Host Accession ID"" from NCBI GenBank or ""NCBI Taxonomy Lineage"" was associated to the virus sequence. Currently (v1.0) either a host association from the data source or PhiSpy prophage prediction. Multiple host associations/predictions separated by semicolons. "	keyword								host_insdc_accession_id		host_insdc_accession_id		"[""IMG/VR"", ""PhiSpy"", ""Workflows"", ""Host""]"	VJDB																			
ncbi_clade	NCBI Clade	"Sub-species designation of the virus sequence, from NCBI GenBank field ""clade""."	keyword												"[""Sample"", ""Taxonomy"", ""NCBI Taxonomy""]"	NCBI Taxonomy																			
ncbi_genotype	NCBI Genotype	"Sub-species designation of the virus sequence, from NCBI GenBank field ""genotype""."	keyword												"[""Sample"", ""Taxonomy"", ""NCBI Taxonomy""]"	NCBI Taxonomy																			
ncbi_serotype	NCBI Serotype	"Sub-species designation of the virus sequence, from NCBI GenBank field ""serotype""."	keyword												"[""Sample"", ""Taxonomy"", ""NCBI Taxonomy""]"	NCBI Taxonomy																			
ncbi_isolate	NCBI Isolate	"Sub-species designation of the virus sequence, from NCBI GenBank field ""isolate""."	keyword												"[""Sample"", ""Taxonomy"", ""NCBI Taxonomy""]"	NCBI Taxonomy																			
